device_id,study_id,technology_family,device_on_off_ratio,device_log10_on_off_ratio,state_count_available,physical_state_count,device_conductance_mode,device_state_count_status,parameter_source,mapping_strategy,precision_basis,crossbar_size,requested_weight_bits,effective_weight_levels,slices_per_branch,physical_cells_per_weight,adc_bits,estimated_memristor_cells,estimated_physical_crossbar_tiles,adc_levels,relative_hardware_cost_proxy,accuracy,accuracy_loss,pareto_rank_by_cost,is_pareto_optimal,reference_best_accuracy,reference_cheapest_within_0p5pp
HfOx_01,10.1109/TNANO.2024.3485213,HfOx,45.4,1.657055852857104,0,0,GRADUAL_MULTILEVEL,NOT_REPORTED,absolute,IDEALIZED_SINGLE_PAIR_GRADUAL,IDEALIZED_GRADUAL_MAPPING,256,4,15,0,2,4,203264,10,16,160,83.11,13.120000000000005,1,True,False,False
HfOx_01,10.1109/TNANO.2024.3485213,HfOx,45.4,1.657055852857104,0,0,GRADUAL_MULTILEVEL,NOT_REPORTED,absolute,IDEALIZED_SINGLE_PAIR_GRADUAL,IDEALIZED_GRADUAL_MAPPING,128,4,15,0,2,4,203264,16,16,256,84.3,11.930000000000009,2,True,False,False
HfOx_01,10.1109/TNANO.2024.3485213,HfOx,45.4,1.657055852857104,0,0,GRADUAL_MULTILEVEL,NOT_REPORTED,absolute,IDEALIZED_SINGLE_PAIR_GRADUAL,IDEALIZED_GRADUAL_MAPPING,256,8,255,0,2,5,203264,10,32,320,94.11,2.1200000000000045,3,True,False,False
HfOx_01,10.1109/TNANO.2024.3485213,HfOx,45.4,1.657055852857104,0,0,GRADUAL_MULTILEVEL,NOT_REPORTED,absolute,IDEALIZED_SINGLE_PAIR_GRADUAL,IDEALIZED_GRADUAL_MAPPING,128,6,63,0,2,5,203264,16,32,512,94.55,1.6800000000000068,4,True,False,False
HfOx_01,10.1109/TNANO.2024.3485213,HfOx,45.4,1.657055852857104,0,0,GRADUAL_MULTILEVEL,NOT_REPORTED,absolute,IDEALIZED_SINGLE_PAIR_GRADUAL,IDEALIZED_GRADUAL_MAPPING,256,7,127,0,2,6,203264,10,64,640,95.86,0.3700000000000045,5,True,False,True
HfOx_01,10.1109/TNANO.2024.3485213,HfOx,45.4,1.657055852857104,0,0,GRADUAL_MULTILEVEL,NOT_REPORTED,absolute,IDEALIZED_SINGLE_PAIR_GRADUAL,IDEALIZED_GRADUAL_MAPPING,128,6,63,0,2,6,203264,16,64,1024,95.87,0.3599999999999994,6,True,False,False
HfOx_01,10.1109/TNANO.2024.3485213,HfOx,45.4,1.657055852857104,0,0,GRADUAL_MULTILEVEL,NOT_REPORTED,absolute,IDEALIZED_SINGLE_PAIR_GRADUAL,IDEALIZED_GRADUAL_MAPPING,256,7,127,0,2,7,203264,10,128,1280,96.19,0.0400000000000062,7,True,False,False
HfOx_01,10.1109/TNANO.2024.3485213,HfOx,45.4,1.657055852857104,0,0,GRADUAL_MULTILEVEL,NOT_REPORTED,absolute,IDEALIZED_SINGLE_PAIR_GRADUAL,IDEALIZED_GRADUAL_MAPPING,128,8,255,0,2,7,203264,16,128,2048,96.21,0.0200000000000102,8,True,False,False
HfOx_01,10.1109/TNANO.2024.3485213,HfOx,45.4,1.657055852857104,0,0,GRADUAL_MULTILEVEL,NOT_REPORTED,absolute,IDEALIZED_SINGLE_PAIR_GRADUAL,IDEALIZED_GRADUAL_MAPPING,256,8,255,0,2,8,203264,10,256,2560,96.26,-0.0300000000000011,9,True,False,False
HfOx_01,10.1109/TNANO.2024.3485213,HfOx,45.4,1.657055852857104,0,0,GRADUAL_MULTILEVEL,NOT_REPORTED,absolute,IDEALIZED_SINGLE_PAIR_GRADUAL,IDEALIZED_GRADUAL_MAPPING,128,6,63,0,2,8,203264,16,256,4096,96.32,-0.0899999999999892,10,True,True,False
HfOx_02,10.1088/2634-4386/ac7327,HfOx,5.0,0.6989700043360189,0,0,ANALOG,NOT_REPORTED,normalized_from_ratio,IDEALIZED_SINGLE_PAIR_ANALOG,IDEALIZED_ANALOG_MAPPING,256,3,7,0,2,4,203264,10,16,160,77.12,19.11,1,True,False,False
HfOx_02,10.1088/2634-4386/ac7327,HfOx,5.0,0.6989700043360189,0,0,ANALOG,NOT_REPORTED,normalized_from_ratio,IDEALIZED_SINGLE_PAIR_ANALOG,IDEALIZED_ANALOG_MAPPING,128,4,15,0,2,4,203264,16,16,256,79.93,16.299999999999997,2,True,False,False
HfOx_02,10.1088/2634-4386/ac7327,HfOx,5.0,0.6989700043360189,0,0,ANALOG,NOT_REPORTED,normalized_from_ratio,IDEALIZED_SINGLE_PAIR_ANALOG,IDEALIZED_ANALOG_MAPPING,256,6,63,0,2,5,203264,10,32,320,92.82,3.410000000000011,3,True,False,False
HfOx_02,10.1088/2634-4386/ac7327,HfOx,5.0,0.6989700043360189,0,0,ANALOG,NOT_REPORTED,normalized_from_ratio,IDEALIZED_SINGLE_PAIR_ANALOG,IDEALIZED_ANALOG_MAPPING,128,6,63,0,2,5,203264,16,32,512,93.17,3.0600000000000023,4,True,False,False
HfOx_02,10.1088/2634-4386/ac7327,HfOx,5.0,0.6989700043360189,0,0,ANALOG,NOT_REPORTED,normalized_from_ratio,IDEALIZED_SINGLE_PAIR_ANALOG,IDEALIZED_ANALOG_MAPPING,256,8,255,0,2,6,203264,10,64,640,95.75,0.480000000000004,5,True,False,False
HfOx_02,10.1088/2634-4386/ac7327,HfOx,5.0,0.6989700043360189,0,0,ANALOG,NOT_REPORTED,normalized_from_ratio,IDEALIZED_SINGLE_PAIR_ANALOG,IDEALIZED_ANALOG_MAPPING,256,6,63,0,2,7,203264,10,128,1280,96.19,0.0400000000000062,6,True,False,True
HfOx_02,10.1088/2634-4386/ac7327,HfOx,5.0,0.6989700043360189,0,0,ANALOG,NOT_REPORTED,normalized_from_ratio,IDEALIZED_SINGLE_PAIR_ANALOG,IDEALIZED_ANALOG_MAPPING,256,7,127,0,2,8,203264,10,256,2560,96.25,-0.019999999999996,7,True,False,False
HfOx_02,10.1088/2634-4386/ac7327,HfOx,5.0,0.6989700043360189,0,0,ANALOG,NOT_REPORTED,normalized_from_ratio,IDEALIZED_SINGLE_PAIR_ANALOG,IDEALIZED_ANALOG_MAPPING,256,6,63,0,2,10,203264,10,1024,10240,96.26,-0.0300000000000011,8,True,False,False
HfOx_02,10.1088/2634-4386/ac7327,HfOx,5.0,0.6989700043360189,0,0,ANALOG,NOT_REPORTED,normalized_from_ratio,IDEALIZED_SINGLE_PAIR_ANALOG,IDEALIZED_ANALOG_MAPPING,64,6,63,0,2,8,203264,56,256,14336,96.3,-0.0699999999999931,9,True,True,False
HfZrOx_01,10.1002/pssr.202000524,HfZrOx,2.0,0.3010299956639812,0,0,ANALOG,NOT_REPORTED,normalized_from_ratio,IDEALIZED_SINGLE_PAIR_ANALOG,IDEALIZED_ANALOG_MAPPING,256,4,15,0,2,4,203264,10,16,160,33.19,63.040000000000006,1,True,False,False
HfZrOx_01,10.1002/pssr.202000524,HfZrOx,2.0,0.3010299956639812,0,0,ANALOG,NOT_REPORTED,normalized_from_ratio,IDEALIZED_SINGLE_PAIR_ANALOG,IDEALIZED_ANALOG_MAPPING,128,8,255,0,2,4,203264,16,16,256,41.08,55.150000000000006,2,True,False,False
HfZrOx_01,10.1002/pssr.202000524,HfZrOx,2.0,0.3010299956639812,0,0,ANALOG,NOT_REPORTED,normalized_from_ratio,IDEALIZED_SINGLE_PAIR_ANALOG,IDEALIZED_ANALOG_MAPPING,256,4,15,0,2,5,203264,10,32,320,84.08,12.150000000000006,3,True,False,False
HfZrOx_01,10.1002/pssr.202000524,HfZrOx,2.0,0.3010299956639812,0,0,ANALOG,NOT_REPORTED,normalized_from_ratio,IDEALIZED_SINGLE_PAIR_ANALOG,IDEALIZED_ANALOG_MAPPING,128,6,63,0,2,5,203264,16,32,512,89.24,6.990000000000009,4,True,False,False
HfZrOx_01,10.1002/pssr.202000524,HfZrOx,2.0,0.3010299956639812,0,0,ANALOG,NOT_REPORTED,normalized_from_ratio,IDEALIZED_SINGLE_PAIR_ANALOG,IDEALIZED_ANALOG_MAPPING,256,7,127,0,2,6,203264,10,64,640,94.02,2.210000000000008,5,True,False,False
HfZrOx_01,10.1002/pssr.202000524,HfZrOx,2.0,0.3010299956639812,0,0,ANALOG,NOT_REPORTED,normalized_from_ratio,IDEALIZED_SINGLE_PAIR_ANALOG,IDEALIZED_ANALOG_MAPPING,128,7,127,0,2,6,203264,16,64,1024,94.62,1.6099999999999994,6,True,False,False
HfZrOx_01,10.1002/pssr.202000524,HfZrOx,2.0,0.3010299956639812,0,0,ANALOG,NOT_REPORTED,normalized_from_ratio,IDEALIZED_SINGLE_PAIR_ANALOG,IDEALIZED_ANALOG_MAPPING,256,6,63,0,2,7,203264,10,128,1280,96.03,0.2000000000000028,7,True,False,True
HfZrOx_01,10.1002/pssr.202000524,HfZrOx,2.0,0.3010299956639812,0,0,ANALOG,NOT_REPORTED,normalized_from_ratio,IDEALIZED_SINGLE_PAIR_ANALOG,IDEALIZED_ANALOG_MAPPING,256,7,127,0,2,8,203264,10,256,2560,96.24,-0.0099999999999909,8,True,False,False
HfZrOx_01,10.1002/pssr.202000524,HfZrOx,2.0,0.3010299956639812,0,0,ANALOG,NOT_REPORTED,normalized_from_ratio,IDEALIZED_SINGLE_PAIR_ANALOG,IDEALIZED_ANALOG_MAPPING,128,6,63,0,2,9,203264,16,512,8192,96.26,-0.0300000000000011,9,True,False,False
HfZrOx_01,10.1002/pssr.202000524,HfZrOx,2.0,0.3010299956639812,0,0,ANALOG,NOT_REPORTED,normalized_from_ratio,IDEALIZED_SINGLE_PAIR_ANALOG,IDEALIZED_ANALOG_MAPPING,64,6,63,0,2,9,203264,56,512,28672,96.29,-0.0600000000000022,10,True,False,False
HfZrOx_01,10.1002/pssr.202000524,HfZrOx,2.0,0.3010299956639812,0,0,ANALOG,NOT_REPORTED,normalized_from_ratio,IDEALIZED_SINGLE_PAIR_ANALOG,IDEALIZED_ANALOG_MAPPING,64,6,63,0,2,10,203264,56,1024,57344,96.3,-0.0699999999999931,11,True,False,False
HfZrOx_01,10.1002/pssr.202000524,HfZrOx,2.0,0.3010299956639812,0,0,ANALOG,NOT_REPORTED,normalized_from_ratio,IDEALIZED_SINGLE_PAIR_ANALOG,IDEALIZED_ANALOG_MAPPING,16,6,63,0,2,10,203264,800,1024,819200,96.34,-0.1099999999999994,12,True,True,False
TaOx_01,10.1038/s41598-017-18329-3,TaOx,2909.09,3.463757157444634,1,7,DISCRETE_MULTILEVEL,DERIVED,absolute,SINGLE_DIFFERENTIAL_PAIR,DERIVED_DEVICE_STATE_CAP,256,3,7,0,2,4,203264,10,16,160,74.41,21.820000000000007,1,True,False,False
TaOx_01,10.1038/s41598-017-18329-3,TaOx,2909.09,3.463757157444634,1,7,DISCRETE_MULTILEVEL,DERIVED,absolute,SINGLE_DIFFERENTIAL_PAIR,DERIVED_DEVICE_STATE_CAP,128,3,7,0,2,4,203264,16,16,256,78.27,17.960000000000008,2,True,False,False
TaOx_01,10.1038/s41598-017-18329-3,TaOx,2909.09,3.463757157444634,1,7,DISCRETE_MULTILEVEL,DERIVED,absolute,SINGLE_DIFFERENTIAL_PAIR,DERIVED_DEVICE_STATE_CAP,256,6,13,0,2,5,203264,10,32,320,93.75,2.480000000000004,3,True,False,False
TaOx_01,10.1038/s41598-017-18329-3,TaOx,2909.09,3.463757157444634,1,7,DISCRETE_MULTILEVEL,DERIVED,absolute,SINGLE_DIFFERENTIAL_PAIR,DERIVED_DEVICE_STATE_CAP,128,4,13,0,2,5,203264,16,32,512,93.81,2.4200000000000017,4,True,False,False
TaOx_01,10.1038/s41598-017-18329-3,TaOx,2909.09,3.463757157444634,1,7,DISCRETE_MULTILEVEL,DERIVED,absolute,SINGLE_DIFFERENTIAL_PAIR,DERIVED_DEVICE_STATE_CAP,256,6,13,0,2,6,203264,10,64,640,95.8,0.4300000000000068,5,True,False,True
TaOx_01,10.1038/s41598-017-18329-3,TaOx,2909.09,3.463757157444634,1,7,DISCRETE_MULTILEVEL,DERIVED,absolute,SINGLE_DIFFERENTIAL_PAIR,DERIVED_DEVICE_STATE_CAP,256,5,13,0,2,7,203264,10,128,1280,96.01,0.2199999999999988,6,True,False,False
TaOx_01,10.1038/s41598-017-18329-3,TaOx,2909.09,3.463757157444634,1,7,DISCRETE_MULTILEVEL,DERIVED,absolute,SINGLE_DIFFERENTIAL_PAIR,DERIVED_DEVICE_STATE_CAP,256,4,13,0,2,8,203264,10,256,2560,96.03,0.2000000000000028,7,True,False,False
TaOx_01,10.1038/s41598-017-18329-3,TaOx,2909.09,3.463757157444634,1,7,DISCRETE_MULTILEVEL,DERIVED,absolute,SINGLE_DIFFERENTIAL_PAIR,DERIVED_DEVICE_STATE_CAP,128,7,13,0,2,8,203264,16,256,4096,96.04,0.1899999999999977,8,True,False,False
TaOx_01,10.1038/s41598-017-18329-3,TaOx,2909.09,3.463757157444634,1,7,DISCRETE_MULTILEVEL,DERIVED,absolute,SINGLE_DIFFERENTIAL_PAIR,DERIVED_DEVICE_STATE_CAP,256,4,13,0,2,9,203264,10,512,5120,96.08,0.1500000000000056,9,True,False,False
TaOx_01,10.1038/s41598-017-18329-3,TaOx,2909.09,3.463757157444634,1,7,DISCRETE_MULTILEVEL,DERIVED,absolute,SINGLE_DIFFERENTIAL_PAIR,DERIVED_DEVICE_STATE_CAP,256,4,13,0,2,10,203264,10,1024,10240,96.1,0.1300000000000096,10,True,False,False
TaOx_01,10.1038/s41598-017-18329-3,TaOx,2909.09,3.463757157444634,1,7,DISCRETE_MULTILEVEL,DERIVED,absolute,SINGLE_DIFFERENTIAL_PAIR,DERIVED_DEVICE_STATE_CAP,128,6,13,0,2,10,203264,16,1024,16384,96.11,0.1200000000000045,11,True,False,False
TaOx_01,10.1038/s41598-017-18329-3,TaOx,2909.09,3.463757157444634,1,7,DISCRETE_MULTILEVEL,DERIVED,absolute,SINGLE_DIFFERENTIAL_PAIR,DERIVED_DEVICE_STATE_CAP,32,7,13,0,2,7,203264,208,128,26624,96.13,0.1000000000000085,12,True,False,False
TaOx_01,10.1038/s41598-017-18329-3,TaOx,2909.09,3.463757157444634,1,7,DISCRETE_MULTILEVEL,DERIVED,absolute,SINGLE_DIFFERENTIAL_PAIR,DERIVED_DEVICE_STATE_CAP,64,8,13,0,2,9,203264,56,512,28672,96.17,0.0600000000000022,13,True,True,False
TiOx_02_Au,10.1038/s41598-019-44607-3,TiOx,1.705978,0.2319734262803857,0,0,GRADUAL_MULTILEVEL,NOT_REPORTED,absolute,IDEALIZED_SINGLE_PAIR_GRADUAL,IDEALIZED_GRADUAL_MAPPING,256,8,255,0,2,4,203264,10,16,160,42.56,53.67,1,True,False,False
TiOx_02_Au,10.1038/s41598-019-44607-3,TiOx,1.705978,0.2319734262803857,0,0,GRADUAL_MULTILEVEL,NOT_REPORTED,absolute,IDEALIZED_SINGLE_PAIR_GRADUAL,IDEALIZED_GRADUAL_MAPPING,128,8,255,0,2,4,203264,16,16,256,54.83,41.400000000000006,2,True,False,False
TiOx_02_Au,10.1038/s41598-019-44607-3,TiOx,1.705978,0.2319734262803857,0,0,GRADUAL_MULTILEVEL,NOT_REPORTED,absolute,IDEALIZED_SINGLE_PAIR_GRADUAL,IDEALIZED_GRADUAL_MAPPING,256,6,63,0,2,5,203264,10,32,320,69.78,26.450000000000003,3,True,False,False
TiOx_02_Au,10.1038/s41598-019-44607-3,TiOx,1.705978,0.2319734262803857,0,0,GRADUAL_MULTILEVEL,NOT_REPORTED,absolute,IDEALIZED_SINGLE_PAIR_GRADUAL,IDEALIZED_GRADUAL_MAPPING,128,4,15,0,2,5,203264,16,32,512,72.97,23.260000000000005,4,True,False,False
TiOx_02_Au,10.1038/s41598-019-44607-3,TiOx,1.705978,0.2319734262803857,0,0,GRADUAL_MULTILEVEL,NOT_REPORTED,absolute,IDEALIZED_SINGLE_PAIR_GRADUAL,IDEALIZED_GRADUAL_MAPPING,256,6,63,0,2,6,203264,10,64,640,93.14,3.0900000000000034,5,True,False,False
TiOx_02_Au,10.1038/s41598-019-44607-3,TiOx,1.705978,0.2319734262803857,0,0,GRADUAL_MULTILEVEL,NOT_REPORTED,absolute,IDEALIZED_SINGLE_PAIR_GRADUAL,IDEALIZED_GRADUAL_MAPPING,128,7,127,0,2,6,203264,16,64,1024,93.8,2.430000000000007,6,True,False,False
TiOx_02_Au,10.1038/s41598-019-44607-3,TiOx,1.705978,0.2319734262803857,0,0,GRADUAL_MULTILEVEL,NOT_REPORTED,absolute,IDEALIZED_SINGLE_PAIR_GRADUAL,IDEALIZED_GRADUAL_MAPPING,256,8,255,0,2,7,203264,10,128,1280,95.93,0.2999999999999971,7,True,False,True
TiOx_02_Au,10.1038/s41598-019-44607-3,TiOx,1.705978,0.2319734262803857,0,0,GRADUAL_MULTILEVEL,NOT_REPORTED,absolute,IDEALIZED_SINGLE_PAIR_GRADUAL,IDEALIZED_GRADUAL_MAPPING,256,7,127,0,2,8,203264,10,256,2560,96.23,0.0,8,True,False,False
TiOx_02_Au,10.1038/s41598-019-44607-3,TiOx,1.705978,0.2319734262803857,0,0,GRADUAL_MULTILEVEL,NOT_REPORTED,absolute,IDEALIZED_SINGLE_PAIR_GRADUAL,IDEALIZED_GRADUAL_MAPPING,128,7,127,0,2,8,203264,16,256,4096,96.27,-0.039999999999992,9,True,False,False
TiOx_02_Au,10.1038/s41598-019-44607-3,TiOx,1.705978,0.2319734262803857,0,0,GRADUAL_MULTILEVEL,NOT_REPORTED,absolute,IDEALIZED_SINGLE_PAIR_GRADUAL,IDEALIZED_GRADUAL_MAPPING,32,6,63,0,2,8,203264,208,256,53248,96.28,-0.0499999999999971,10,True,False,False
TiOx_02_Au,10.1038/s41598-019-44607-3,TiOx,1.705978,0.2319734262803857,0,0,GRADUAL_MULTILEVEL,NOT_REPORTED,absolute,IDEALIZED_SINGLE_PAIR_GRADUAL,IDEALIZED_GRADUAL_MAPPING,64,6,63,0,2,10,203264,56,1024,57344,96.32,-0.0899999999999892,11,True,True,False
TiOx_02_Ni,10.1038/s41598-019-44607-3,TiOx,1.10723,0.0442378443254261,0,0,GRADUAL_MULTILEVEL,NOT_REPORTED,absolute,IDEALIZED_SINGLE_PAIR_GRADUAL,IDEALIZED_GRADUAL_MAPPING,256,4,15,0,2,4,203264,10,16,160,8.92,87.31,1,True,False,False
TiOx_02_Ni,10.1038/s41598-019-44607-3,TiOx,1.10723,0.0442378443254261,0,0,GRADUAL_MULTILEVEL,NOT_REPORTED,absolute,IDEALIZED_SINGLE_PAIR_GRADUAL,IDEALIZED_GRADUAL_MAPPING,256,7,127,0,2,5,203264,10,32,320,24.68,71.55000000000001,2,True,False,False
TiOx_02_Ni,10.1038/s41598-019-44607-3,TiOx,1.10723,0.0442378443254261,0,0,GRADUAL_MULTILEVEL,NOT_REPORTED,absolute,IDEALIZED_SINGLE_PAIR_GRADUAL,IDEALIZED_GRADUAL_MAPPING,256,8,255,0,2,6,203264,10,64,640,58.76,37.470000000000006,3,True,False,False
TiOx_02_Ni,10.1038/s41598-019-44607-3,TiOx,1.10723,0.0442378443254261,0,0,GRADUAL_MULTILEVEL,NOT_REPORTED,absolute,IDEALIZED_SINGLE_PAIR_GRADUAL,IDEALIZED_GRADUAL_MAPPING,128,4,15,0,2,6,203264,16,64,1024,64.3,31.930000000000007,4,True,False,False
TiOx_02_Ni,10.1038/s41598-019-44607-3,TiOx,1.10723,0.0442378443254261,0,0,GRADUAL_MULTILEVEL,NOT_REPORTED,absolute,IDEALIZED_SINGLE_PAIR_GRADUAL,IDEALIZED_GRADUAL_MAPPING,256,4,15,0,2,7,203264,10,128,1280,75.99,20.24000000000001,5,True,False,False
TiOx_02_Ni,10.1038/s41598-019-44607-3,TiOx,1.10723,0.0442378443254261,0,0,GRADUAL_MULTILEVEL,NOT_REPORTED,absolute,IDEALIZED_SINGLE_PAIR_GRADUAL,IDEALIZED_GRADUAL_MAPPING,128,6,63,0,2,7,203264,16,128,2048,85.27,10.960000000000008,6,True,False,False
TiOx_02_Ni,10.1038/s41598-019-44607-3,TiOx,1.10723,0.0442378443254261,0,0,GRADUAL_MULTILEVEL,NOT_REPORTED,absolute,IDEALIZED_SINGLE_PAIR_GRADUAL,IDEALIZED_GRADUAL_MAPPING,256,6,63,0,2,8,203264,10,256,2560,92.8,3.430000000000007,7,True,False,False
TiOx_02_Ni,10.1038/s41598-019-44607-3,TiOx,1.10723,0.0442378443254261,0,0,GRADUAL_MULTILEVEL,NOT_REPORTED,absolute,IDEALIZED_SINGLE_PAIR_GRADUAL,IDEALIZED_GRADUAL_MAPPING,128,6,63,0,2,8,203264,16,256,4096,93.22,3.010000000000005,8,True,False,False
TiOx_02_Ni,10.1038/s41598-019-44607-3,TiOx,1.10723,0.0442378443254261,0,0,GRADUAL_MULTILEVEL,NOT_REPORTED,absolute,IDEALIZED_SINGLE_PAIR_GRADUAL,IDEALIZED_GRADUAL_MAPPING,256,6,63,0,2,9,203264,10,512,5120,95.73,0.5,9,True,False,False
TiOx_02_Ni,10.1038/s41598-019-44607-3,TiOx,1.10723,0.0442378443254261,0,0,GRADUAL_MULTILEVEL,NOT_REPORTED,absolute,IDEALIZED_SINGLE_PAIR_GRADUAL,IDEALIZED_GRADUAL_MAPPING,256,8,255,0,2,10,203264,10,1024,10240,96.24,-0.0099999999999909,10,True,False,True
TiOx_02_Ni,10.1038/s41598-019-44607-3,TiOx,1.10723,0.0442378443254261,0,0,GRADUAL_MULTILEVEL,NOT_REPORTED,absolute,IDEALIZED_SINGLE_PAIR_GRADUAL,IDEALIZED_GRADUAL_MAPPING,64,6,63,0,2,10,203264,56,1024,57344,96.28,-0.0499999999999971,11,True,False,False
TiOx_02_Ni,10.1038/s41598-019-44607-3,TiOx,1.10723,0.0442378443254261,0,0,GRADUAL_MULTILEVEL,NOT_REPORTED,absolute,IDEALIZED_SINGLE_PAIR_GRADUAL,IDEALIZED_GRADUAL_MAPPING,32,7,127,0,2,10,203264,208,1024,212992,96.31,-0.0799999999999983,12,True,True,False
TiOx_02_Pt,10.1038/s41598-019-44607-3,TiOx,2.128684,0.3281111958478591,0,0,GRADUAL_MULTILEVEL,NOT_REPORTED,absolute,IDEALIZED_SINGLE_PAIR_GRADUAL,IDEALIZED_GRADUAL_MAPPING,256,5,31,0,2,4,203264,10,16,160,57.18,39.05,1,True,False,False
TiOx_02_Pt,10.1038/s41598-019-44607-3,TiOx,2.128684,0.3281111958478591,0,0,GRADUAL_MULTILEVEL,NOT_REPORTED,absolute,IDEALIZED_SINGLE_PAIR_GRADUAL,IDEALIZED_GRADUAL_MAPPING,128,6,63,0,2,4,203264,16,16,256,64.39,31.840000000000003,2,True,False,False
TiOx_02_Pt,10.1038/s41598-019-44607-3,TiOx,2.128684,0.3281111958478591,0,0,GRADUAL_MULTILEVEL,NOT_REPORTED,absolute,IDEALIZED_SINGLE_PAIR_GRADUAL,IDEALIZED_GRADUAL_MAPPING,256,6,63,0,2,5,203264,10,32,320,87.75,8.480000000000004,3,True,False,False
TiOx_02_Pt,10.1038/s41598-019-44607-3,TiOx,2.128684,0.3281111958478591,0,0,GRADUAL_MULTILEVEL,NOT_REPORTED,absolute,IDEALIZED_SINGLE_PAIR_GRADUAL,IDEALIZED_GRADUAL_MAPPING,128,8,255,0,2,5,203264,16,32,512,90.37,5.859999999999999,4,True,False,False
TiOx_02_Pt,10.1038/s41598-019-44607-3,TiOx,2.128684,0.3281111958478591,0,0,GRADUAL_MULTILEVEL,NOT_REPORTED,absolute,IDEALIZED_SINGLE_PAIR_GRADUAL,IDEALIZED_GRADUAL_MAPPING,256,4,15,0,2,6,203264,10,64,640,94.41,1.820000000000008,5,True,False,False
TiOx_02_Pt,10.1038/s41598-019-44607-3,TiOx,2.128684,0.3281111958478591,0,0,GRADUAL_MULTILEVEL,NOT_REPORTED,absolute,IDEALIZED_SINGLE_PAIR_GRADUAL,IDEALIZED_GRADUAL_MAPPING,128,8,255,0,2,6,203264,16,64,1024,94.89,1.3400000000000034,6,True,False,False
TiOx_02_Pt,10.1038/s41598-019-44607-3,TiOx,2.128684,0.3281111958478591,0,0,GRADUAL_MULTILEVEL,NOT_REPORTED,absolute,IDEALIZED_SINGLE_PAIR_GRADUAL,IDEALIZED_GRADUAL_MAPPING,256,6,63,0,2,7,203264,10,128,1280,96.01,0.2199999999999988,7,True,False,True
TiOx_02_Pt,10.1038/s41598-019-44607-3,TiOx,2.128684,0.3281111958478591,0,0,GRADUAL_MULTILEVEL,NOT_REPORTED,absolute,IDEALIZED_SINGLE_PAIR_GRADUAL,IDEALIZED_GRADUAL_MAPPING,256,6,63,0,2,8,203264,10,256,2560,96.28,-0.0499999999999971,8,True,False,False
TiOx_02_Pt,10.1038/s41598-019-44607-3,TiOx,2.128684,0.3281111958478591,0,0,GRADUAL_MULTILEVEL,NOT_REPORTED,absolute,IDEALIZED_SINGLE_PAIR_GRADUAL,IDEALIZED_GRADUAL_MAPPING,128,6,63,0,2,8,203264,16,256,4096,96.35,-0.1199999999999903,9,True,True,False
TiOx_03,10.1016/j.spmi.2017.10.031,TiOx,80.0,1.9030899869919435,0,0,ANALOG,NOT_REPORTED,normalized_from_ratio,IDEALIZED_SINGLE_PAIR_ANALOG,IDEALIZED_ANALOG_MAPPING,256,4,15,0,2,4,203264,10,16,160,77.68,18.55,1,True,False,False
TiOx_03,10.1016/j.spmi.2017.10.031,TiOx,80.0,1.9030899869919435,0,0,ANALOG,NOT_REPORTED,normalized_from_ratio,IDEALIZED_SINGLE_PAIR_ANALOG,IDEALIZED_ANALOG_MAPPING,256,6,63,0,2,5,203264,10,32,320,94.23,2.0,2,True,False,False
TiOx_03,10.1016/j.spmi.2017.10.031,TiOx,80.0,1.9030899869919435,0,0,ANALOG,NOT_REPORTED,normalized_from_ratio,IDEALIZED_SINGLE_PAIR_ANALOG,IDEALIZED_ANALOG_MAPPING,128,8,255,0,2,5,203264,16,32,512,94.63,1.6000000000000083,3,True,False,False
TiOx_03,10.1016/j.spmi.2017.10.031,TiOx,80.0,1.9030899869919435,0,0,ANALOG,NOT_REPORTED,normalized_from_ratio,IDEALIZED_SINGLE_PAIR_ANALOG,IDEALIZED_ANALOG_MAPPING,256,7,127,0,2,6,203264,10,64,640,95.99,0.2400000000000091,4,True,False,True
TiOx_03,10.1016/j.spmi.2017.10.031,TiOx,80.0,1.9030899869919435,0,0,ANALOG,NOT_REPORTED,normalized_from_ratio,IDEALIZED_SINGLE_PAIR_ANALOG,IDEALIZED_ANALOG_MAPPING,128,5,31,0,2,6,203264,16,64,1024,96.02,0.2100000000000079,5,True,False,False
TiOx_03,10.1016/j.spmi.2017.10.031,TiOx,80.0,1.9030899869919435,0,0,ANALOG,NOT_REPORTED,normalized_from_ratio,IDEALIZED_SINGLE_PAIR_ANALOG,IDEALIZED_ANALOG_MAPPING,256,6,63,0,2,7,203264,10,128,1280,96.19,0.0400000000000062,6,True,False,False
TiOx_03,10.1016/j.spmi.2017.10.031,TiOx,80.0,1.9030899869919435,0,0,ANALOG,NOT_REPORTED,normalized_from_ratio,IDEALIZED_SINGLE_PAIR_ANALOG,IDEALIZED_ANALOG_MAPPING,128,5,31,0,2,7,203264,16,128,2048,96.23,0.0,7,True,False,False
TiOx_03,10.1016/j.spmi.2017.10.031,TiOx,80.0,1.9030899869919435,0,0,ANALOG,NOT_REPORTED,normalized_from_ratio,IDEALIZED_SINGLE_PAIR_ANALOG,IDEALIZED_ANALOG_MAPPING,256,6,63,0,2,8,203264,10,256,2560,96.34,-0.1099999999999994,8,True,True,False
TiOx_04,10.1007/s42835-019-00107-y,TiOx,76.0,1.8808135922807916,0,0,GRADUAL_MULTILEVEL,NOT_REPORTED,normalized_from_ratio,IDEALIZED_SINGLE_PAIR_GRADUAL,IDEALIZED_GRADUAL_MAPPING,256,4,15,0,2,4,203264,10,16,160,77.76,18.47,1,True,False,False
TiOx_04,10.1007/s42835-019-00107-y,TiOx,76.0,1.8808135922807916,0,0,GRADUAL_MULTILEVEL,NOT_REPORTED,normalized_from_ratio,IDEALIZED_SINGLE_PAIR_GRADUAL,IDEALIZED_GRADUAL_MAPPING,256,8,255,0,2,5,203264,10,32,320,94.05,2.180000000000007,2,True,False,False
TiOx_04,10.1007/s42835-019-00107-y,TiOx,76.0,1.8808135922807916,0,0,GRADUAL_MULTILEVEL,NOT_REPORTED,normalized_from_ratio,IDEALIZED_SINGLE_PAIR_GRADUAL,IDEALIZED_GRADUAL_MAPPING,128,7,127,0,2,5,203264,16,32,512,94.5,1.730000000000004,3,True,False,False
TiOx_04,10.1007/s42835-019-00107-y,TiOx,76.0,1.8808135922807916,0,0,GRADUAL_MULTILEVEL,NOT_REPORTED,normalized_from_ratio,IDEALIZED_SINGLE_PAIR_GRADUAL,IDEALIZED_GRADUAL_MAPPING,256,6,63,0,2,6,203264,10,64,640,96.01,0.2199999999999988,4,True,False,True
TiOx_04,10.1007/s42835-019-00107-y,TiOx,76.0,1.8808135922807916,0,0,GRADUAL_MULTILEVEL,NOT_REPORTED,normalized_from_ratio,IDEALIZED_SINGLE_PAIR_GRADUAL,IDEALIZED_GRADUAL_MAPPING,256,6,63,0,2,7,203264,10,128,1280,96.22,0.0100000000000051,5,True,False,False
TiOx_04,10.1007/s42835-019-00107-y,TiOx,76.0,1.8808135922807916,0,0,GRADUAL_MULTILEVEL,NOT_REPORTED,normalized_from_ratio,IDEALIZED_SINGLE_PAIR_GRADUAL,IDEALIZED_GRADUAL_MAPPING,128,6,63,0,2,7,203264,16,128,2048,96.26,-0.0300000000000011,6,True,False,False
TiOx_04,10.1007/s42835-019-00107-y,TiOx,76.0,1.8808135922807916,0,0,GRADUAL_MULTILEVEL,NOT_REPORTED,normalized_from_ratio,IDEALIZED_SINGLE_PAIR_GRADUAL,IDEALIZED_GRADUAL_MAPPING,128,6,63,0,2,8,203264,16,256,4096,96.29,-0.0600000000000022,7,True,False,False
TiOx_04,10.1007/s42835-019-00107-y,TiOx,76.0,1.8808135922807916,0,0,GRADUAL_MULTILEVEL,NOT_REPORTED,normalized_from_ratio,IDEALIZED_SINGLE_PAIR_GRADUAL,IDEALIZED_GRADUAL_MAPPING,128,6,63,0,2,10,203264,16,1024,16384,96.31,-0.0799999999999983,8,True,False,False
TiOx_04,10.1007/s42835-019-00107-y,TiOx,76.0,1.8808135922807916,0,0,GRADUAL_MULTILEVEL,NOT_REPORTED,normalized_from_ratio,IDEALIZED_SINGLE_PAIR_GRADUAL,IDEALIZED_GRADUAL_MAPPING,16,6,63,0,2,8,203264,800,256,204800,96.32,-0.0899999999999892,9,True,True,False
ZnO_01,10.3390/electronics7120445,ZnO,1000.0,3.0,1,2,DISCRETE_BINARY,REPORTED,normalized_from_ratio,BINARY_BIT_SLICED_DIFFERENTIAL,BIT_SLICED_BINARY_MAPPING,256,2,3,1,2,4,203264,10,16,160,10.16,86.07000000000001,1,True,False,False
ZnO_01,10.3390/electronics7120445,ZnO,1000.0,3.0,1,2,DISCRETE_BINARY,REPORTED,normalized_from_ratio,BINARY_BIT_SLICED_DIFFERENTIAL,BIT_SLICED_BINARY_MAPPING,128,2,3,1,2,4,203264,16,16,256,10.98,85.25,2,True,False,False
ZnO_01,10.3390/electronics7120445,ZnO,1000.0,3.0,1,2,DISCRETE_BINARY,REPORTED,normalized_from_ratio,BINARY_BIT_SLICED_DIFFERENTIAL,BIT_SLICED_BINARY_MAPPING,256,3,7,2,4,4,406528,20,16,320,90.46,5.77000000000001,3,True,False,False
ZnO_01,10.3390/electronics7120445,ZnO,1000.0,3.0,1,2,DISCRETE_BINARY,REPORTED,normalized_from_ratio,BINARY_BIT_SLICED_DIFFERENTIAL,BIT_SLICED_BINARY_MAPPING,256,4,15,3,6,4,609792,30,16,480,94.44,1.7900000000000065,4,True,False,False
ZnO_01,10.3390/electronics7120445,ZnO,1000.0,3.0,1,2,DISCRETE_BINARY,REPORTED,normalized_from_ratio,BINARY_BIT_SLICED_DIFFERENTIAL,BIT_SLICED_BINARY_MAPPING,256,5,31,4,8,4,813056,40,16,640,95.07,1.1600000000000108,5,True,False,False
ZnO_01,10.3390/electronics7120445,ZnO,1000.0,3.0,1,2,DISCRETE_BINARY,REPORTED,normalized_from_ratio,BINARY_BIT_SLICED_DIFFERENTIAL,BIT_SLICED_BINARY_MAPPING,256,6,63,5,10,4,1016320,50,16,800,95.15,1.0799999999999983,6,True,False,False
ZnO_01,10.3390/electronics7120445,ZnO,1000.0,3.0,1,2,DISCRETE_BINARY,REPORTED,normalized_from_ratio,BINARY_BIT_SLICED_DIFFERENTIAL,BIT_SLICED_BINARY_MAPPING,256,4,15,3,6,5,609792,30,32,960,95.89,0.3400000000000034,7,True,False,True
ZnO_01,10.3390/electronics7120445,ZnO,1000.0,3.0,1,2,DISCRETE_BINARY,REPORTED,normalized_from_ratio,BINARY_BIT_SLICED_DIFFERENTIAL,BIT_SLICED_BINARY_MAPPING,256,6,63,5,10,5,1016320,50,32,1600,96.04,0.1899999999999977,8,True,False,False
ZnO_01,10.3390/electronics7120445,ZnO,1000.0,3.0,1,2,DISCRETE_BINARY,REPORTED,normalized_from_ratio,BINARY_BIT_SLICED_DIFFERENTIAL,BIT_SLICED_BINARY_MAPPING,256,8,255,7,14,5,1422848,70,32,2240,96.09,0.1400000000000005,9,True,False,False
ZnO_01,10.3390/electronics7120445,ZnO,1000.0,3.0,1,2,DISCRETE_BINARY,REPORTED,normalized_from_ratio,BINARY_BIT_SLICED_DIFFERENTIAL,BIT_SLICED_BINARY_MAPPING,256,5,31,4,8,6,813056,40,64,2560,96.21,0.0200000000000102,10,True,False,False
ZnO_01,10.3390/electronics7120445,ZnO,1000.0,3.0,1,2,DISCRETE_BINARY,REPORTED,normalized_from_ratio,BINARY_BIT_SLICED_DIFFERENTIAL,BIT_SLICED_BINARY_MAPPING,256,6,63,5,10,6,1016320,50,64,3200,96.27,-0.039999999999992,11,True,False,False
ZnO_01,10.3390/electronics7120445,ZnO,1000.0,3.0,1,2,DISCRETE_BINARY,REPORTED,normalized_from_ratio,BINARY_BIT_SLICED_DIFFERENTIAL,BIT_SLICED_BINARY_MAPPING,256,6,63,5,10,9,1016320,50,512,25600,96.29,-0.0600000000000022,12,True,False,False
ZnO_01,10.3390/electronics7120445,ZnO,1000.0,3.0,1,2,DISCRETE_BINARY,REPORTED,normalized_from_ratio,BINARY_BIT_SLICED_DIFFERENTIAL,BIT_SLICED_BINARY_MAPPING,256,6,63,5,10,10,1016320,50,1024,51200,96.3,-0.0699999999999931,13,True,False,False
ZnO_01,10.3390/electronics7120445,ZnO,1000.0,3.0,1,2,DISCRETE_BINARY,REPORTED,normalized_from_ratio,BINARY_BIT_SLICED_DIFFERENTIAL,BIT_SLICED_BINARY_MAPPING,16,6,63,5,10,6,1016320,4000,64,256000,96.31,-0.0799999999999983,14,True,True,False
