device_on_off_ratio,device_log10_on_off_ratio,state_count_available,physical_state_count,device_conductance_mode,mapping_strategy,precision_basis,crossbar_size,requested_weight_bits,effective_weight_levels,slices_per_branch,physical_cells_per_weight,adc_bits,estimated_memristor_cells,estimated_physical_crossbar_tiles,adc_levels,relative_hardware_cost_proxy,predicted_accuracy,tree_disagreement,candidate_on_off_ratio,candidate_mode,candidate_state_count,historical_mean_abs_error_pp,historical_median_abs_error_pp,historical_max_abs_error_pp,historical_validation_rows,validation_adjusted_score,nearest_known_device,nearest_known_family,descriptor_distance_to_nearest_known,numeric_descriptor_distance,categorical_mismatch_fraction,accuracy_margin_pp,passes_accuracy,passes_cost,passes_distance,feasible,reverse_design_rank
80.0,1.9030899869919435,0,0,ANALOG,IDEALIZED_SINGLE_PAIR_ANALOG,IDEALIZED_ANALOG_MAPPING,256,6,63,0,2,8,203264,10,256,2560,96.2769628968254,0.05406869734408667,80.0,ANALOG,0,0.21888017979797975,0.0429856468253859,3.415293729437224,50,96.05808271702742,TiOx_03,TiOx,0.0,0.0,0.0,0.5580827170274176,True,True,True,True,1
2.128684,0.3281111958478591,0,0,GRADUAL_MULTILEVEL,IDEALIZED_SINGLE_PAIR_GRADUAL,IDEALIZED_GRADUAL_MAPPING,256,7,127,0,2,8,203264,10,256,2560,96.2522559126984,0.019409081542891633,2.128684,GRADUAL_MULTILEVEL,0,0.2082744928715715,0.0183501865079378,3.5959328152958108,50,96.04398141982684,TiOx_02_Pt,TiOx,0.0,0.0,0.0,0.5439814198268351,True,True,True,True,2
45.4,1.657055852857104,0,0,GRADUAL_MULTILEVEL,IDEALIZED_SINGLE_PAIR_GRADUAL,IDEALIZED_GRADUAL_MAPPING,256,6,63,0,2,8,203264,10,256,2560,96.26185204395605,0.025825516676745385,45.4,GRADUAL_MULTILEVEL,0,0.21888017979797975,0.0429856468253859,3.415293729437224,50,96.04297186415808,HfOx_01,HfOx,0.0,0.0,0.0,0.5429718641580763,True,True,True,True,3
5.0,0.6989700043360189,0,0,ANALOG,IDEALIZED_SINGLE_PAIR_ANALOG,IDEALIZED_ANALOG_MAPPING,256,7,127,0,2,8,203264,10,256,2560,96.23968388888889,0.0181213480943509,5.0,ANALOG,0,0.2082744928715715,0.0183501865079378,3.5959328152958108,50,96.03140939601732,HfOx_02,HfOx,0.0,0.0,0.0,0.5314093960173238,True,True,True,True,4
2.0,0.3010299956639812,0,0,ANALOG,IDEALIZED_SINGLE_PAIR_ANALOG,IDEALIZED_ANALOG_MAPPING,256,7,127,0,2,8,203264,10,256,2560,96.23073475468975,0.02528187099308548,2.0,ANALOG,0,0.2082744928715715,0.0183501865079378,3.5959328152958108,50,96.02246026181818,HfZrOx_01,HfZrOx,0.0,0.0,0.0,0.522460261818182,True,True,True,True,5
1.705978,0.23197342628038578,0,0,GRADUAL_MULTILEVEL,IDEALIZED_SINGLE_PAIR_GRADUAL,IDEALIZED_GRADUAL_MAPPING,256,7,127,0,2,8,203264,10,256,2560,96.20375044760794,0.051604693760954515,1.705978,GRADUAL_MULTILEVEL,0,0.2082744928715715,0.0183501865079378,3.5959328152958108,50,95.99547595473638,TiOx_02_Au,TiOx,4.1536102450835666e-17,4.1536102450835666e-17,0.0,0.49547595473637784,True,True,True,True,6
76.0,1.8808135922807914,0,0,GRADUAL_MULTILEVEL,IDEALIZED_SINGLE_PAIR_GRADUAL,IDEALIZED_GRADUAL_MAPPING,256,6,63,0,2,8,203264,10,256,2560,96.2656256868132,0.022287626995002228,76.0,GRADUAL_MULTILEVEL,0,0.21888017979797975,0.0429856468253859,3.415293729437224,50,96.04674550701522,TiOx_04,TiOx,1.1076293986889511e-16,1.1076293986889511e-16,0.0,0.546745507015217,True,True,True,True,7
76.827637,1.8855174757282112,0,0,GRADUAL_MULTILEVEL,IDEALIZED_SINGLE_PAIR_GRADUAL,IDEALIZED_GRADUAL_MAPPING,256,6,63,0,2,8,203264,10,256,2560,96.2656256868132,0.022287626995002228,76.827637,GRADUAL_MULTILEVEL,0,0.21888017979797975,0.0429856468253859,3.415293729437224,50,96.04674550701522,TiOx_04,TiOx,0.002346447280773764,0.002346447280773764,0.0,0.546745507015217,True,True,True,True,8
2.02898,0.30727776614007485,0,0,ANALOG,IDEALIZED_SINGLE_PAIR_ANALOG,IDEALIZED_ANALOG_MAPPING,256,7,127,0,2,8,203264,10,256,2560,96.23073475468975,0.02528187099308548,2.02898,ANALOG,0,0.2082744928715715,0.0183501865079378,3.5959328152958108,50,96.02246026181818,HfZrOx_01,HfZrOx,0.0031165874342763953,0.0031165874342763953,0.0,0.522460261818182,True,True,True,True,9
76.827637,1.8855174757282112,0,0,ANALOG,IDEALIZED_SINGLE_PAIR_ANALOG,IDEALIZED_ANALOG_MAPPING,256,6,63,0,2,8,203264,10,256,2560,96.26849251587302,0.05391276033521523,76.827637,ANALOG,0,0.21888017979797975,0.0429856468253859,3.415293729437224,50,96.04961233607504,TiOx_03,TiOx,0.00876572979157691,0.00876572979157691,0.0,0.5496123360750431,True,True,True,True,10
2.02898,0.30727776614007485,0,0,GRADUAL_MULTILEVEL,IDEALIZED_SINGLE_PAIR_GRADUAL,IDEALIZED_GRADUAL_MAPPING,256,7,127,0,2,8,203264,10,256,2560,96.22523858008658,0.043222563681627406,2.02898,GRADUAL_MULTILEVEL,0,0.2082744928715715,0.0183501865079378,3.5959328152958108,50,96.01696408721502,TiOx_02_Pt,TiOx,0.010392380047987482,0.010392380047987482,0.0,0.5169640872150154,True,True,True,True,11
80.0,1.9030899869919435,0,0,GRADUAL_MULTILEVEL,IDEALIZED_SINGLE_PAIR_GRADUAL,IDEALIZED_GRADUAL_MAPPING,256,6,63,0,2,8,203264,10,256,2560,96.271993496337,0.026064402693487795,80.0,GRADUAL_MULTILEVEL,0,0.21888017979797975,0.0429856468253859,3.415293729437224,50,96.05311331653903,TiOx_04,TiOx,0.011112177072350673,0.011112177072350673,0.0,0.5531133165390258,True,True,True,True,12
76.0,1.8808135922807914,0,0,ANALOG,IDEALIZED_SINGLE_PAIR_ANALOG,IDEALIZED_ANALOG_MAPPING,256,6,63,0,2,8,203264,10,256,2560,96.26849251587302,0.05391276033521523,76.0,ANALOG,0,0.21888017979797975,0.0429856468253859,3.415293729437224,50,96.04961233607504,TiOx_03,TiOx,0.011112177072350786,0.011112177072350786,0.0,0.5496123360750431,True,True,True,True,13
2.128684,0.3281111958478591,0,0,ANALOG,IDEALIZED_SINGLE_PAIR_ANALOG,IDEALIZED_ANALOG_MAPPING,256,7,127,0,2,8,203264,10,256,2560,96.24631382539683,0.021349535788276884,2.128684,ANALOG,0,0.2082744928715715,0.0183501865079378,3.5959328152958108,50,96.03803933252526,HfZrOx_01,HfZrOx,0.013508967482263878,0.013508967482263878,0.0,0.5380393325252584,True,True,True,True,14
2.0,0.3010299956639812,0,0,GRADUAL_MULTILEVEL,IDEALIZED_SINGLE_PAIR_GRADUAL,IDEALIZED_GRADUAL_MAPPING,256,7,127,0,2,8,203264,10,256,2560,96.22523858008658,0.043222563681627406,2.0,GRADUAL_MULTILEVEL,0,0.2082744928715715,0.0183501865079378,3.5959328152958108,50,96.01696408721502,TiOx_02_Pt,TiOx,0.013508967482263878,0.013508967482263878,0.0,0.5169640872150154,True,True,True,True,15
41.92543,1.6224775255576593,0,0,GRADUAL_MULTILEVEL,IDEALIZED_SINGLE_PAIR_GRADUAL,IDEALIZED_GRADUAL_MAPPING,256,6,63,0,2,8,203264,10,256,2560,96.26185204395605,0.025825516676745385,41.92543,GRADUAL_MULTILEVEL,0,0.21888017979797975,0.0429856468253859,3.415293729437224,50,96.04297186415808,HfOx_01,HfOx,0.017248773906163948,0.017248773906163948,0.0,0.5429718641580763,True,True,True,True,16
1.705978,0.23197342628038578,0,0,ANALOG,IDEALIZED_SINGLE_PAIR_ANALOG,IDEALIZED_ANALOG_MAPPING,256,7,127,0,2,8,203264,10,256,2560,96.21228224125875,0.043293164520681576,1.705978,ANALOG,0,0.2082744928715715,0.0183501865079378,3.5959328152958108,50,96.00400774838718,HfZrOx_01,HfZrOx,0.03444762211074597,0.03444762211074597,0.0,0.5040077483871812,True,True,True,True,17
3.718072,0.5703177955757218,0,0,ANALOG,IDEALIZED_SINGLE_PAIR_ANALOG,IDEALIZED_ANALOG_MAPPING,256,7,127,0,2,8,203264,10,256,2560,96.23968388888889,0.0181213480943509,3.718072,ANALOG,0,0.2082744928715715,0.0183501865079378,3.5959328152958108,50,96.03140939601732,HfOx_02,HfOx,0.06417583020190246,0.06417583020190246,0.0,0.5314093960173238,True,True,True,True,18
6.813303,0.8333577032358783,0,0,ANALOG,IDEALIZED_SINGLE_PAIR_ANALOG,IDEALIZED_ANALOG_MAPPING,256,7,127,0,2,8,203264,10,256,2560,96.23968388888889,0.0181213480943509,6.813303,ANALOG,0,0.2082744928715715,0.0183501865079378,3.5959328152958108,50,96.03140939601732,HfOx_02,HfOx,0.06703687584478796,0.06703687584478796,0.0,0.5314093960173238,True,True,True,True,19
3.718072,0.5703177955757218,0,0,GRADUAL_MULTILEVEL,IDEALIZED_SINGLE_PAIR_GRADUAL,IDEALIZED_GRADUAL_MAPPING,256,7,127,0,2,8,203264,10,256,2560,96.24401705555557,0.017746209375048432,3.718072,GRADUAL_MULTILEVEL,0,0.2082744928715715,0.0183501865079378,3.5959328152958108,50,96.035742562684,TiOx_02_Pt,TiOx,0.12082038674420643,0.12082038674420643,0.0,0.5357425626840069,True,True,True,True,20
140.785336,2.148557421667331,0,0,ANALOG,IDEALIZED_SINGLE_PAIR_ANALOG,IDEALIZED_ANALOG_MAPPING,256,6,63,0,2,8,203264,10,256,2560,96.2769628968254,0.05406869734408667,140.785336,ANALOG,0,0.21888017979797975,0.0429856468253859,3.415293729437224,50,96.05808271702742,TiOx_03,TiOx,0.12244699534988289,0.12244699534988289,0.0,0.5580827170274176,True,True,True,True,21
45.4,1.657055852857104,0,0,ANALOG,IDEALIZED_SINGLE_PAIR_ANALOG,IDEALIZED_ANALOG_MAPPING,256,6,63,0,2,8,203264,10,256,2560,96.25850556349205,0.053682714140427204,45.4,ANALOG,0,0.21888017979797975,0.0429856468253859,3.415293729437224,50,96.03962538369407,TiOx_03,TiOx,0.12272968313764611,0.12272968313764611,0.0,0.539625383694073,True,True,True,True,22
140.785336,2.148557421667331,0,0,GRADUAL_MULTILEVEL,IDEALIZED_SINGLE_PAIR_GRADUAL,IDEALIZED_GRADUAL_MAPPING,256,6,63,0,2,8,203264,10,256,2560,96.271993496337,0.026064402693487795,140.785336,GRADUAL_MULTILEVEL,0,0.21888017979797975,0.0429856468253859,3.415293729437224,50,96.05311331653903,TiOx_04,TiOx,0.13355917242223356,0.13355917242223356,0.0,0.5531133165390258,True,True,True,True,23
41.92543,1.6224775255576593,0,0,ANALOG,IDEALIZED_SINGLE_PAIR_ANALOG,IDEALIZED_ANALOG_MAPPING,256,6,63,0,2,8,203264,10,256,2560,96.25850556349205,0.053682714140427204,41.92543,ANALOG,0,0.21888017979797975,0.0429856468253859,3.415293729437224,50,96.03962538369407,TiOx_03,TiOx,0.13997845704381007,0.13997845704381007,0.0,0.539625383694073,True,True,True,True,24
22.879029,1.359437588788364,0,0,GRADUAL_MULTILEVEL,IDEALIZED_SINGLE_PAIR_GRADUAL,IDEALIZED_GRADUAL_MAPPING,256,6,63,0,2,8,203264,10,256,2560,96.26185204395605,0.025825516676745385,22.879029,GRADUAL_MULTILEVEL,0,0.21888017979797975,0.0429856468253859,3.415293729437224,50,96.04297186415808,HfOx_01,HfOx,0.14846149447342238,0.14846149447342238,0.0,0.5429718641580763,True,True,True,True,25
5.0,0.6989700043360189,0,0,GRADUAL_MULTILEVEL,IDEALIZED_SINGLE_PAIR_GRADUAL,IDEALIZED_GRADUAL_MAPPING,256,7,127,0,2,8,203264,10,256,2560,96.24401705555557,0.017746209375048432,5.0,GRADUAL_MULTILEVEL,0,0.2082744928715715,0.0183501865079378,3.5959328152958108,50,96.035742562684,TiOx_02_Pt,TiOx,0.18499621694610888,0.18499621694610888,0.0,0.5357425626840069,True,True,True,True,26
12.485261,1.096397625556008,0,0,ANALOG,IDEALIZED_SINGLE_PAIR_ANALOG,IDEALIZED_ANALOG_MAPPING,256,7,127,0,2,8,203264,10,256,2560,96.23923455555557,0.01812526184831158,12.485261,ANALOG,0,0.2082744928715715,0.0183501865079378,3.5959328152958108,50,96.030960062684,HfOx_02,HfOx,0.1982495892043411,0.1982495892043411,0.0,0.5309600626840023,True,True,True,True,27
6.813303,0.8333577032358783,0,0,GRADUAL_MULTILEVEL,IDEALIZED_SINGLE_PAIR_GRADUAL,IDEALIZED_GRADUAL_MAPPING,256,7,127,0,2,8,203264,10,256,2560,96.24401705555557,0.017746209375048432,6.813303,GRADUAL_MULTILEVEL,0,0.2082744928715715,0.0183501865079378,3.5959328152958108,50,96.035742562684,TiOx_02_Pt,TiOx,0.25203309279089686,0.25203309279089686,0.0,0.5357425626840069,True,True,True,True,28
257.986731,2.4115973695226383,0,0,ANALOG,IDEALIZED_SINGLE_PAIR_ANALOG,IDEALIZED_ANALOG_MAPPING,256,6,63,0,2,8,203264,10,256,2560,96.2769628968254,0.05406869734408667,257.986731,ANALOG,0,0.21888017979797975,0.0429856468253859,3.415293729437224,50,96.05808271702742,TiOx_03,TiOx,0.25365972144719806,0.25365972144719806,0.0,0.5580827170274176,True,True,True,True,29
257.986731,2.4115973695226383,0,0,GRADUAL_MULTILEVEL,IDEALIZED_SINGLE_PAIR_GRADUAL,IDEALIZED_GRADUAL_MAPPING,256,6,63,0,2,8,203264,10,256,2560,96.271993496337,0.026064402693487795,257.986731,GRADUAL_MULTILEVEL,0,0.21888017979797975,0.0429856468253859,3.415293729437224,50,96.05311331653903,TiOx_04,TiOx,0.26477189851954874,0.26477189851954874,0.0,0.5531133165390258,True,True,True,True,30
22.879029,1.359437588788364,0,0,ANALOG,IDEALIZED_SINGLE_PAIR_ANALOG,IDEALIZED_ANALOG_MAPPING,256,6,63,0,2,8,203264,10,256,2560,96.25850556349205,0.053682714140427204,22.879029,ANALOG,0,0.21888017979797975,0.0429856468253859,3.415293729437224,50,96.03962538369407,TiOx_03,TiOx,0.2711911776110685,0.2711911776110685,0.0,0.539625383694073,True,True,True,True,31
2909.09,3.463757157444634,1,8,DISCRETE_MULTILEVEL,SINGLE_DIFFERENTIAL_PAIR,DERIVED_DEVICE_STATE_CAP,256,4,15,0,2,8,203264,10,256,2560,96.03617656782106,0.017485320498562544,2909.09,DISCRETE_MULTILEVEL,8,0.20365972212121047,0.027873156204904548,3.37796664285716,50,95.83251684569984,TaOx_01,TaOx,0.27246843806239895,0.27246843806239895,0.0,0.33251684569984263,True,True,True,True,32
12.485261,1.096397625556008,0,0,GRADUAL_MULTILEVEL,IDEALIZED_SINGLE_PAIR_GRADUAL,IDEALIZED_GRADUAL_MAPPING,256,7,127,0,2,8,203264,10,256,2560,96.24129443650794,0.017151331226389916,12.485261,GRADUAL_MULTILEVEL,0,0.2082744928715715,0.0183501865079378,3.5959328152958108,50,96.03301994363638,HfOx_01,HfOx,0.2796742282413006,0.2796742282413006,0.0,0.5330199436363756,True,True,True,True,33
1587.512707,3.2007172102209553,1,8,DISCRETE_MULTILEVEL,SINGLE_DIFFERENTIAL_PAIR,DERIVED_DEVICE_STATE_CAP,256,4,15,0,2,8,203264,10,256,2560,96.03978975829726,0.021663264484635007,1587.512707,DISCRETE_MULTILEVEL,8,0.20365972212121047,0.027873156204904548,3.37796664285716,50,95.83613003617604,TaOx_01,TaOx,0.3024166482642255,0.3024166482642255,0.0,0.3361300361760442,True,True,True,True,34
1000.0,3.0,1,8,DISCRETE_MULTILEVEL,SINGLE_DIFFERENTIAL_PAIR,DERIVED_DEVICE_STATE_CAP,256,4,15,0,2,8,203264,10,256,2560,96.03978975829726,0.021663264484635007,1000.0,DISCRETE_MULTILEVEL,8,0.20365972212121047,0.027873156204904548,3.37796664285716,50,95.83613003617604,TaOx_01,TaOx,0.3574294361537401,0.3574294361537401,0.0,0.3361300361760442,True,True,True,True,35
866.31785,2.9376772628887164,1,8,DISCRETE_MULTILEVEL,SINGLE_DIFFERENTIAL_PAIR,DERIVED_DEVICE_STATE_CAP,256,4,15,0,2,8,203264,10,256,2560,96.03978975829726,0.021663264484635007,866.31785,DISCRETE_MULTILEVEL,8,0.20365972212121047,0.027873156204904548,3.37796664285716,50,95.83613003617604,TaOx_01,TaOx,0.3782937580735448,0.3782937580735448,0.0,0.3361300361760442,True,True,True,True,36
472.75629,2.674637315822986,0,0,ANALOG,IDEALIZED_SINGLE_PAIR_ANALOG,IDEALIZED_ANALOG_MAPPING,256,6,63,0,2,8,203264,10,256,2560,96.27626789682539,0.0537333246870895,472.75629,ANALOG,0,0.21888017979797975,0.0429856468253859,3.415293729437224,50,96.05738771702741,TiOx_03,TiOx,0.3848724467688499,0.3848724467688499,0.0,0.5573877170274102,True,True,True,True,37
472.75629,2.674637315822986,0,0,GRADUAL_MULTILEVEL,IDEALIZED_SINGLE_PAIR_GRADUAL,IDEALIZED_GRADUAL_MAPPING,256,6,63,0,2,8,203264,10,256,2560,96.27186321062271,0.02531953463125564,472.75629,GRADUAL_MULTILEVEL,0,0.21888017979797975,0.0429856468253859,3.415293729437224,50,96.05298303082473,TiOx_04,TiOx,0.3959846238412006,0.3959846238412006,0.0,0.5529830308247341,True,True,True,True,38
472.75629,2.674637315822986,1,8,DISCRETE_MULTILEVEL,SINGLE_DIFFERENTIAL_PAIR,DERIVED_DEVICE_STATE_CAP,256,4,15,0,2,8,203264,10,256,2560,96.03978975829726,0.021663264484635007,472.75629,DISCRETE_MULTILEVEL,8,0.20365972212121047,0.027873156204904548,3.37796664285716,50,95.83613003617604,TaOx_01,TaOx,0.47873799137483586,0.47873799137483586,0.0,0.3361300361760442,True,True,True,True,39
866.31785,2.9376772628887164,0,0,ANALOG,IDEALIZED_SINGLE_PAIR_ANALOG,IDEALIZED_ANALOG_MAPPING,256,6,63,0,2,8,203264,10,256,2560,96.27626789682539,0.0537333246870895,866.31785,ANALOG,0,0.21888017979797975,0.0429856468253859,3.415293729437224,50,96.05738771702741,TiOx_03,TiOx,0.5160851724722989,0.5160851724722989,0.0,0.5573877170274102,True,True,True,True,40
866.31785,2.9376772628887164,0,0,GRADUAL_MULTILEVEL,IDEALIZED_SINGLE_PAIR_GRADUAL,IDEALIZED_GRADUAL_MAPPING,256,6,63,0,2,8,203264,10,256,2560,96.27186321062271,0.02531953463125564,866.31785,GRADUAL_MULTILEVEL,0,0.21888017979797975,0.0429856468253859,3.415293729437224,50,96.05298303082473,TiOx_04,TiOx,0.5271973495446497,0.5271973495446497,0.0,0.5529830308247341,True,True,True,True,41
1000.0,3.0,0,0,ANALOG,IDEALIZED_SINGLE_PAIR_ANALOG,IDEALIZED_ANALOG_MAPPING,256,6,63,0,2,8,203264,10,256,2560,96.27626789682539,0.0537333246870895,1000.0,ANALOG,0,0.21888017979797975,0.0429856468253859,3.415293729437224,50,96.05738771702741,TiOx_03,TiOx,0.5471737440025676,0.5471737440025676,0.0,0.5573877170274102,True,True,True,True,42
1000.0,3.0,0,0,GRADUAL_MULTILEVEL,IDEALIZED_SINGLE_PAIR_GRADUAL,IDEALIZED_GRADUAL_MAPPING,256,6,63,0,2,8,203264,10,256,2560,96.27186321062271,0.02531953463125564,1000.0,GRADUAL_MULTILEVEL,0,0.21888017979797975,0.0429856468253859,3.415293729437224,50,96.05298303082473,TiOx_04,TiOx,0.5582859210749181,0.5582859210749181,0.0,0.5529830308247341,True,True,True,True,43
257.986731,2.4115973695226383,1,8,DISCRETE_MULTILEVEL,SINGLE_DIFFERENTIAL_PAIR,DERIVED_DEVICE_STATE_CAP,256,4,15,0,2,8,203264,10,256,2560,96.03893246753246,0.022275974046759555,257.986731,DISCRETE_MULTILEVEL,8,0.20365972212121047,0.027873156204904548,3.37796664285716,50,95.83527274541125,TaOx_01,TaOx,0.5913607357156062,0.5913607357156062,0.0,0.3352727454112454,True,True,True,True,44
1587.512707,3.2007172102209553,0,0,ANALOG,IDEALIZED_SINGLE_PAIR_ANALOG,IDEALIZED_ANALOG_MAPPING,256,6,63,0,2,8,203264,10,256,2560,96.27626789682539,0.0537333246870895,1587.512707,ANALOG,0,0.21888017979797975,0.0429856468253859,3.415293729437224,50,96.05738771702741,TiOx_03,TiOx,0.6472978983086909,0.6472978983086909,0.0,0.5573877170274102,True,True,True,True,45
1587.512707,3.2007172102209553,0,0,GRADUAL_MULTILEVEL,IDEALIZED_SINGLE_PAIR_GRADUAL,IDEALIZED_GRADUAL_MAPPING,256,6,63,0,2,8,203264,10,256,2560,96.27186321062271,0.02531953463125564,1587.512707,GRADUAL_MULTILEVEL,0,0.21888017979797975,0.0429856468253859,3.415293729437224,50,96.05298303082473,TiOx_04,TiOx,0.6584100753810417,0.6584100753810417,0.0,0.5529830308247341,True,True,True,True,46
140.785336,2.148557421667331,1,8,DISCRETE_MULTILEVEL,SINGLE_DIFFERENTIAL_PAIR,DERIVED_DEVICE_STATE_CAP,256,4,15,0,2,8,203264,10,256,2560,96.03893246753246,0.022275974046759555,140.785336,DISCRETE_MULTILEVEL,8,0.20365972212121047,0.027873156204904548,3.37796664285716,50,95.83527274541125,TaOx_01,TaOx,0.7103932254019836,0.7103932254019836,0.0,0.3352727454112454,True,True,True,True,47
2909.09,3.463757157444634,0,0,ANALOG,IDEALIZED_SINGLE_PAIR_ANALOG,IDEALIZED_ANALOG_MAPPING,256,6,63,0,2,8,203264,10,256,2560,96.27626789682539,0.0537333246870895,2909.09,ANALOG,0,0.21888017979797975,0.0429856468253859,3.415293729437224,50,96.05738771702741,TiOx_03,TiOx,0.7785106240909296,0.7785106240909296,0.0,0.5573877170274102,True,True,True,True,48
2909.09,3.463757157444634,0,0,GRADUAL_MULTILEVEL,IDEALIZED_SINGLE_PAIR_GRADUAL,IDEALIZED_GRADUAL_MAPPING,256,6,63,0,2,8,203264,10,256,2560,96.27186321062271,0.02531953463125564,2909.09,GRADUAL_MULTILEVEL,0,0.21888017979797975,0.0429856468253859,3.415293729437224,50,96.05298303082473,TiOx_04,TiOx,0.7896228011632804,0.7896228011632804,0.0,0.5529830308247341,True,True,True,True,49
80.0,1.9030899869919435,1,8,DISCRETE_MULTILEVEL,SINGLE_DIFFERENTIAL_PAIR,DERIVED_DEVICE_STATE_CAP,256,4,15,0,2,8,203264,10,256,2560,96.03893246753246,0.022275974046759555,80.0,DISCRETE_MULTILEVEL,8,0.20365972212121047,0.027873156204904548,3.37796664285716,50,95.83527274541125,TaOx_01,TaOx,0.8248138223639394,0.8248138223639394,0.0,0.3352727454112454,True,True,True,True,50
76.827637,1.8855174757282112,1,8,DISCRETE_MULTILEVEL,SINGLE_DIFFERENTIAL_PAIR,DERIVED_DEVICE_STATE_CAP,256,4,15,0,2,8,203264,10,256,2560,96.0563824011544,0.03361710421650208,76.827637,DISCRETE_MULTILEVEL,8,0.20365972212121047,0.027873156204904548,3.37796664285716,50,95.85272267903318,TaOx_01,TaOx,0.8330924961387524,0.8330924961387524,0.0,0.3527226790331781,True,True,True,True,51
76.0,1.8808135922807914,1,8,DISCRETE_MULTILEVEL,SINGLE_DIFFERENTIAL_PAIR,DERIVED_DEVICE_STATE_CAP,256,4,15,0,2,8,203264,10,256,2560,96.0563824011544,0.03361710421650208,76.0,DISCRETE_MULTILEVEL,8,0.20365972212121047,0.027873156204904548,3.37796664285716,50,95.85272267903318,TaOx_01,TaOx,0.8353102524554029,0.8353102524554029,0.0,0.3527226790331781,True,True,True,True,52
45.4,1.657055852857104,1,8,DISCRETE_MULTILEVEL,SINGLE_DIFFERENTIAL_PAIR,DERIVED_DEVICE_STATE_CAP,256,4,15,0,2,8,203264,10,256,2560,96.06307994444444,0.03715809286569709,45.4,DISCRETE_MULTILEVEL,8,0.20365972212121047,0.027873156204904548,3.37796664285716,50,95.85942022232322,TaOx_01,TaOx,0.9415270262258121,0.9415270262258121,0.0,0.359420222323223,True,True,True,True,53
41.92543,1.6224775255576593,1,8,DISCRETE_MULTILEVEL,SINGLE_DIFFERENTIAL_PAIR,DERIVED_DEVICE_STATE_CAP,256,4,15,0,2,8,203264,10,256,2560,96.06307994444444,0.03715809286569709,41.92543,DISCRETE_MULTILEVEL,8,0.20365972212121047,0.027873156204904548,3.37796664285716,50,95.85942022232322,TaOx_01,TaOx,0.9580507512151442,0.9580507512151442,0.0,0.359420222323223,True,True,True,True,54
22.879029,1.359437588788364,1,8,DISCRETE_MULTILEVEL,SINGLE_DIFFERENTIAL_PAIR,DERIVED_DEVICE_STATE_CAP,256,4,15,0,2,8,203264,10,256,2560,96.06307994444444,0.03715809286569709,22.879029,DISCRETE_MULTILEVEL,8,0.20365972212121047,0.027873156204904548,3.37796664285716,50,95.85942022232322,TaOx_01,TaOx,1.084487400681347,1.084487400681347,0.0,0.359420222323223,True,True,True,True,55
12.485261,1.096397625556008,1,8,DISCRETE_MULTILEVEL,SINGLE_DIFFERENTIAL_PAIR,DERIVED_DEVICE_STATE_CAP,256,4,15,0,2,8,203264,10,256,2560,96.06691049206349,0.04040888718730888,12.485261,DISCRETE_MULTILEVEL,8,0.20365972212121047,0.027873156204904548,3.37796664285716,50,95.86325076994227,TaOx_01,TaOx,1.211939845794418,1.211939845794418,0.0,0.3632507699422689,True,True,True,True,56
6.813303,0.8333577032358783,1,8,DISCRETE_MULTILEVEL,SINGLE_DIFFERENTIAL_PAIR,DERIVED_DEVICE_STATE_CAP,256,4,15,0,2,8,203264,10,256,2560,96.06597020634919,0.04042293899550213,6.813303,DISCRETE_MULTILEVEL,8,0.20365972212121047,0.027873156204904548,3.37796664285716,50,95.86231048422798,TaOx_01,TaOx,1.340118265997763,1.340118265997763,0.0,0.36231048422797585,True,True,True,True,57
5.0,0.6989700043360189,1,8,DISCRETE_MULTILEVEL,SINGLE_DIFFERENTIAL_PAIR,DERIVED_DEVICE_STATE_CAP,256,4,15,0,2,8,203264,10,256,2560,96.06597020634919,0.04042293899550213,5.0,DISCRETE_MULTILEVEL,8,0.20365972212121047,0.027873156204904548,3.37796664285716,50,95.86231048422798,TaOx_01,TaOx,1.4058210172452834,1.4058210172452834,0.0,0.36231048422797585,True,True,True,True,58
3.718072,0.5703177955757218,1,8,DISCRETE_MULTILEVEL,SINGLE_DIFFERENTIAL_PAIR,DERIVED_DEVICE_STATE_CAP,256,4,15,0,2,8,203264,10,256,2560,96.06597020634919,0.04042293899550213,3.718072,DISCRETE_MULTILEVEL,8,0.20365972212121047,0.027873156204904548,3.37796664285716,50,95.86231048422798,TaOx_01,TaOx,1.4688326232358686,1.4688326232358686,0.0,0.36231048422797585,True,True,True,True,59
2.128684,0.3281111958478591,1,8,DISCRETE_MULTILEVEL,SINGLE_DIFFERENTIAL_PAIR,DERIVED_DEVICE_STATE_CAP,256,4,15,0,2,8,203264,10,256,2560,96.05493182539682,0.03615245531499042,2.128684,DISCRETE_MULTILEVEL,8,0.20365972212121047,0.027873156204904548,3.37796664285716,50,95.8512721032756,TaOx_01,TaOx,1.5877142765743397,1.5877142765743397,0.0,0.35127210327560476,True,True,True,True,60
2.02898,0.30727776614007485,1,8,DISCRETE_MULTILEVEL,SINGLE_DIFFERENTIAL_PAIR,DERIVED_DEVICE_STATE_CAP,256,4,15,0,2,8,203264,10,256,2560,96.04202865873015,0.035950956646320635,2.02898,DISCRETE_MULTILEVEL,8,0.20365972212121047,0.027873156204904548,3.37796664285716,50,95.83836893660893,TaOx_01,TaOx,1.597953479627382,1.597953479627382,0.0,0.33836893660892997,True,True,True,True,61
2.0,0.3010299956639812,1,8,DISCRETE_MULTILEVEL,SINGLE_DIFFERENTIAL_PAIR,DERIVED_DEVICE_STATE_CAP,256,4,15,0,2,8,203264,10,256,2560,96.04202865873015,0.035950956646320635,2.0,DISCRETE_MULTILEVEL,8,0.20365972212121047,0.027873156204904548,3.37796664285716,50,95.83836893660893,TaOx_01,TaOx,1.6010245153102458,1.6010245153102458,0.0,0.33836893660892997,True,True,True,True,62
1.705978,0.23197342628038578,1,8,DISCRETE_MULTILEVEL,SINGLE_DIFFERENTIAL_PAIR,DERIVED_DEVICE_STATE_CAP,256,4,15,0,2,8,203264,10,256,2560,96.01610124963925,0.046404288638863936,1.705978,DISCRETE_MULTILEVEL,8,0.20365972212121047,0.027873156204904548,3.37796664285716,50,95.81244152751803,TaOx_01,TaOx,1.6349801373854262,1.6349801373854262,0.0,0.31244152751803256,True,True,True,True,63
2909.09,3.463757157444634,1,16,DISCRETE_MULTILEVEL,SINGLE_DIFFERENTIAL_PAIR,DERIVED_DEVICE_STATE_CAP,256,7,31,0,2,8,203264,10,256,2560,96.14749808730159,0.04327890058426264,2909.09,DISCRETE_MULTILEVEL,16,0.2082744928715715,0.0183501865079378,3.5959328152958108,50,95.93922359443002,TaOx_01,TaOx,2.4522159425615904,2.4522159425615904,0.0,0.43922359443001824,True,True,True,True,64
1587.512707,3.2007172102209553,1,16,DISCRETE_MULTILEVEL,SINGLE_DIFFERENTIAL_PAIR,DERIVED_DEVICE_STATE_CAP,256,7,31,0,2,8,203264,10,256,2560,96.14749808730159,0.04327890058426264,1587.512707,DISCRETE_MULTILEVEL,16,0.2082744928715715,0.0183501865079378,3.5959328152958108,50,95.93922359443002,TaOx_01,TaOx,2.4557238868326454,2.4557238868326454,0.0,0.43922359443001824,True,True,True,True,65
1000.0,3.0,1,16,DISCRETE_MULTILEVEL,SINGLE_DIFFERENTIAL_PAIR,DERIVED_DEVICE_STATE_CAP,256,7,31,0,2,8,203264,10,256,2560,96.14749808730159,0.04327890058426264,1000.0,DISCRETE_MULTILEVEL,16,0.2082744928715715,0.0183501865079378,3.5959328152958108,50,95.93922359443002,TaOx_01,TaOx,2.463103688650205,2.463103688650205,0.0,0.43922359443001824,True,True,True,True,66
866.31785,2.9376772628887164,1,16,DISCRETE_MULTILEVEL,SINGLE_DIFFERENTIAL_PAIR,DERIVED_DEVICE_STATE_CAP,256,7,31,0,2,8,203264,10,256,2560,96.14749808730159,0.04327890058426264,866.31785,DISCRETE_MULTILEVEL,16,0.2082744928715715,0.0183501865079378,3.5959328152958108,50,95.93922359443002,TaOx_01,TaOx,2.466217781666995,2.466217781666995,0.0,0.43922359443001824,True,True,True,True,67
472.75629,2.674637315822986,1,16,DISCRETE_MULTILEVEL,SINGLE_DIFFERENTIAL_PAIR,DERIVED_DEVICE_STATE_CAP,256,7,31,0,2,8,203264,10,256,2560,96.14749808730159,0.04327890058426264,472.75629,DISCRETE_MULTILEVEL,16,0.2082744928715715,0.0183501865079378,3.5959328152958108,50,95.93922359443002,TaOx_01,TaOx,2.4836090762434173,2.4836090762434173,0.0,0.43922359443001824,True,True,True,True,68
257.986731,2.4115973695226383,1,16,DISCRETE_MULTILEVEL,SINGLE_DIFFERENTIAL_PAIR,DERIVED_DEVICE_STATE_CAP,256,7,31,0,2,8,203264,10,256,2560,96.14648303968252,0.04360996649333298,257.986731,DISCRETE_MULTILEVEL,16,0.2082744928715715,0.0183501865079378,3.5959328152958108,50,95.93820854681096,TaOx_01,TaOx,2.5077542740386605,2.5077542740386605,0.0,0.4382085468109551,True,True,True,True,69
140.785336,2.148557421667331,1,16,DISCRETE_MULTILEVEL,SINGLE_DIFFERENTIAL_PAIR,DERIVED_DEVICE_STATE_CAP,256,7,31,0,2,8,203264,10,256,2560,96.14648303968252,0.04360996649333298,140.785336,DISCRETE_MULTILEVEL,16,0.2082744928715715,0.0183501865079378,3.5959328152958108,50,95.93820854681096,TaOx_01,TaOx,2.538460658334121,2.538460658334121,0.0,0.4382085468109551,True,True,True,True,70
80.0,1.9030899869919435,1,16,DISCRETE_MULTILEVEL,SINGLE_DIFFERENTIAL_PAIR,DERIVED_DEVICE_STATE_CAP,256,7,31,0,2,8,203264,10,256,2560,96.14648303968252,0.04360996649333298,80.0,DISCRETE_MULTILEVEL,16,0.2082744928715715,0.0183501865079378,3.5959328152958108,50,95.93820854681096,TaOx_01,TaOx,2.5728275925090043,2.5728275925090043,0.0,0.4382085468109551,True,True,True,True,71
76.827637,1.8855174757282112,1,16,DISCRETE_MULTILEVEL,SINGLE_DIFFERENTIAL_PAIR,DERIVED_DEVICE_STATE_CAP,256,7,31,0,2,8,203264,10,256,2560,96.1449958015873,0.041488142840853455,76.827637,DISCRETE_MULTILEVEL,16,0.2082744928715715,0.0183501865079378,3.5959328152958108,50,95.93672130871573,TaOx_01,TaOx,2.575493561695654,2.575493561695654,0.0,0.43672130871573245,True,True,True,True,72
76.0,1.8808135922807914,1,16,DISCRETE_MULTILEVEL,SINGLE_DIFFERENTIAL_PAIR,DERIVED_DEVICE_STATE_CAP,256,7,31,0,2,8,203264,10,256,2560,96.1449958015873,0.041488142840853455,76.0,DISCRETE_MULTILEVEL,16,0.2082744928715715,0.0183501865079378,3.5959328152958108,50,95.93672130871573,TaOx_01,TaOx,2.576211791967069,2.576211791967069,0.0,0.43672130871573245,True,True,True,True,73
45.4,1.657055852857104,1,16,DISCRETE_MULTILEVEL,SINGLE_DIFFERENTIAL_PAIR,DERIVED_DEVICE_STATE_CAP,256,7,31,0,2,8,203264,10,256,2560,96.14325778571428,0.042055742280119886,45.4,DISCRETE_MULTILEVEL,16,0.2082744928715715,0.0183501865079378,3.5959328152958108,50,95.93498329284272,TaOx_01,TaOx,2.612584375733478,2.612584375733478,0.0,0.4349832928427162,True,True,True,True,74
41.92543,1.6224775255576593,1,16,DISCRETE_MULTILEVEL,SINGLE_DIFFERENTIAL_PAIR,DERIVED_DEVICE_STATE_CAP,256,7,31,0,2,8,203264,10,256,2560,96.14325778571428,0.042055742280119886,41.92543,DISCRETE_MULTILEVEL,16,0.2082744928715715,0.0183501865079378,3.5959328152958108,50,95.93498329284272,TaOx_01,TaOx,2.6185845835330523,2.6185845835330523,0.0,0.4349832928427162,True,True,True,True,75
22.879029,1.359437588788364,1,16,DISCRETE_MULTILEVEL,SINGLE_DIFFERENTIAL_PAIR,DERIVED_DEVICE_STATE_CAP,256,7,31,0,2,8,203264,10,256,2560,96.14325778571428,0.042055742280119886,22.879029,DISCRETE_MULTILEVEL,16,0.2082744928715715,0.0183501865079378,3.5959328152958108,50,95.93498329284272,TaOx_01,TaOx,2.6674401401811534,2.6674401401811534,0.0,0.4349832928427162,True,True,True,True,76
12.485261,1.096397625556008,1,16,DISCRETE_MULTILEVEL,SINGLE_DIFFERENTIAL_PAIR,DERIVED_DEVICE_STATE_CAP,256,7,31,0,2,8,203264,10,256,2560,96.14033454761905,0.040404670821410665,12.485261,DISCRETE_MULTILEVEL,16,0.2082744928715715,0.0183501865079378,3.5959328152958108,50,95.93206005474748,TaOx_01,TaOx,2.7217498358661225,2.7217498358661225,0.0,0.4320600547474811,True,True,True,True,77
6.813303,0.8333577032358783,1,16,DISCRETE_MULTILEVEL,SINGLE_DIFFERENTIAL_PAIR,DERIVED_DEVICE_STATE_CAP,256,7,31,0,2,8,203264,10,256,2560,96.13956578571428,0.04205000469475014,6.813303,DISCRETE_MULTILEVEL,16,0.2082744928715715,0.0183501865079378,3.5959328152958108,50,95.93129129284272,TaOx_01,TaOx,2.7811941582841566,2.7811941582841566,0.0,0.4312912928427153,True,True,True,True,78
5.0,0.6989700043360189,1,16,DISCRETE_MULTILEVEL,SINGLE_DIFFERENTIAL_PAIR,DERIVED_DEVICE_STATE_CAP,256,7,31,0,2,8,203264,10,256,2560,96.13956578571428,0.04205000469475014,5.0,DISCRETE_MULTILEVEL,16,0.2082744928715715,0.0183501865079378,3.5959328152958108,50,95.93129129284272,TaOx_01,TaOx,2.8134421465069495,2.8134421465069495,0.0,0.4312912928427153,True,True,True,True,79
3.718072,0.5703177955757218,1,16,DISCRETE_MULTILEVEL,SINGLE_DIFFERENTIAL_PAIR,DERIVED_DEVICE_STATE_CAP,256,7,31,0,2,8,203264,10,256,2560,96.13956578571428,0.04205000469475014,3.718072,DISCRETE_MULTILEVEL,16,0.2082744928715715,0.0183501865079378,3.5959328152958108,50,95.93129129284272,TaOx_01,TaOx,2.845451326994547,2.845451326994547,0.0,0.4312912928427153,True,True,True,True,80
2.128684,0.3281111958478591,1,16,DISCRETE_MULTILEVEL,SINGLE_DIFFERENTIAL_PAIR,DERIVED_DEVICE_STATE_CAP,256,7,31,0,2,8,203264,10,256,2560,96.12921946031746,0.05321957496224065,2.128684,DISCRETE_MULTILEVEL,16,0.2082744928715715,0.0183501865079378,3.5959328152958108,50,95.92094496744589,TaOx_01,TaOx,2.9086011420012623,2.9086011420012623,0.0,0.42094496744589094,True,True,True,True,81
2.02898,0.30727776614007485,1,16,DISCRETE_MULTILEVEL,SINGLE_DIFFERENTIAL_PAIR,DERIVED_DEVICE_STATE_CAP,256,7,31,0,2,8,203264,10,256,2560,96.12254373809523,0.04740497372390595,2.02898,DISCRETE_MULTILEVEL,16,0.2082744928715715,0.0183501865079378,3.5959328152958108,50,95.91426924522366,TaOx_01,TaOx,2.9142030303783444,2.9142030303783444,0.0,0.4142692452236645,True,True,True,True,82
2.0,0.3010299956639812,1,16,DISCRETE_MULTILEVEL,SINGLE_DIFFERENTIAL_PAIR,DERIVED_DEVICE_STATE_CAP,256,7,31,0,2,8,203264,10,256,2560,96.12254373809523,0.04740497372390595,2.0,DISCRETE_MULTILEVEL,16,0.2082744928715715,0.0183501865079378,3.5959328152958108,50,95.91426924522366,TaOx_01,TaOx,2.915888111337175,2.915888111337175,0.0,0.4142692452236645,True,True,True,True,83
1.705978,0.23197342628038578,1,16,DISCRETE_MULTILEVEL,SINGLE_DIFFERENTIAL_PAIR,DERIVED_DEVICE_STATE_CAP,256,7,31,0,2,8,203264,10,256,2560,96.11680319047619,0.04665678897429677,1.705978,DISCRETE_MULTILEVEL,16,0.2082744928715715,0.0183501865079378,3.5959328152958108,50,95.90852869760462,TaOx_01,TaOx,2.934669321892662,2.934669321892662,0.0,0.4085286976046234,True,True,True,True,84
