reverse_design_rank,match_rank,candidate_on_off_ratio,candidate_mode,candidate_state_count,required_crossbar_size,required_weight_bits,required_adc_bits,validation_adjusted_score,relative_hardware_cost_proxy,matched_device_id,matched_study_id,matched_family,matched_on_off_ratio,matched_mode,matched_state_count_available,matched_physical_state_count,matched_parameter_source,matched_precision_basis,match_distance,ratio_log10_distance,mode_mismatch,state_count_distance,state_requirement_status,match_class,matched_evidence_coverage_fraction,matched_scenario_status,matched_scenario_reasons
1,1,80.0,ANALOG,0,256,6,8,96.05808271702742,2560.0,TiOx_03,10.1016/j.spmi.2017.10.031,TiOx,80.0,ANALOG,0,0,normalized_from_ratio,IDEALIZED_ANALOG_MAPPING,0.0,0.0,0.0,0.0,NOT_REQUIRED_OR_UNKNOWN,EXACT_DESCRIPTOR_MATCH,0.25,ASSUMPTION_SENSITIVE,absolute RON/ROFF unavailable; normalized from ratio; fixed physical state count not reported; accelerator mapping is idealized
1,2,80.0,ANALOG,0,256,6,8,96.05808271702742,2560.0,HfOx_02,10.1088/2634-4386/ac7327,HfOx,5.0,ANALOG,0,0,normalized_from_ratio,IDEALIZED_ANALOG_MAPPING,1.2041199826559246,1.2041199826559246,0.0,0.0,NOT_REQUIRED_OR_UNKNOWN,LARGE_GAP,0.25,ASSUMPTION_SENSITIVE,absolute RON/ROFF unavailable; normalized from ratio; fixed physical state count not reported; accelerator mapping is idealized
1,3,80.0,ANALOG,0,256,6,8,96.05808271702742,2560.0,TiOx_04,10.1007/s42835-019-00107-y,TiOx,76.0,GRADUAL_MULTILEVEL,0,0,normalized_from_ratio,IDEALIZED_GRADUAL_MAPPING,1.522276394711152,0.022276394711151948,1.0,0.0,NOT_REQUIRED_OR_UNKNOWN,LARGE_GAP,0.25,ASSUMPTION_SENSITIVE,absolute RON/ROFF unavailable; normalized from ratio; fixed physical state count not reported; accelerator mapping is idealized
2,1,2.128684,GRADUAL_MULTILEVEL,0,256,7,8,96.04398141982684,2560.0,TiOx_02_Pt,10.1038/s41598-019-44607-3,TiOx,2.128684,GRADUAL_MULTILEVEL,0,0,absolute,IDEALIZED_GRADUAL_MAPPING,0.0,0.0,0.0,0.0,NOT_REQUIRED_OR_UNKNOWN,EXACT_DESCRIPTOR_MATCH,0.5,ASSUMPTION_SENSITIVE,fixed physical state count not reported; accelerator mapping is idealized
2,2,2.128684,GRADUAL_MULTILEVEL,0,256,7,8,96.04398141982684,2560.0,TiOx_02_Au,10.1038/s41598-019-44607-3,TiOx,1.705978,GRADUAL_MULTILEVEL,0,0,absolute,IDEALIZED_GRADUAL_MAPPING,0.09613776956747339,0.09613776956747339,0.0,0.0,NOT_REQUIRED_OR_UNKNOWN,VERY_CLOSE_EXISTING_PROFILE,0.5,ASSUMPTION_SENSITIVE,fixed physical state count not reported; accelerator mapping is idealized
2,3,2.128684,GRADUAL_MULTILEVEL,0,256,7,8,96.04398141982684,2560.0,TiOx_02_Ni,10.1038/s41598-019-44607-3,TiOx,1.10723,GRADUAL_MULTILEVEL,0,0,absolute,IDEALIZED_GRADUAL_MAPPING,0.283873351522433,0.283873351522433,0.0,0.0,NOT_REQUIRED_OR_UNKNOWN,CLOSE_EXISTING_PROFILE,0.5,ASSUMPTION_SENSITIVE,fixed physical state count not reported; accelerator mapping is idealized
3,1,45.4,GRADUAL_MULTILEVEL,0,256,6,8,96.04297186415808,2560.0,HfOx_01,10.1109/TNANO.2024.3485213,HfOx,45.4,GRADUAL_MULTILEVEL,0,0,absolute,IDEALIZED_GRADUAL_MAPPING,0.0,0.0,0.0,0.0,NOT_REQUIRED_OR_UNKNOWN,EXACT_DESCRIPTOR_MATCH,0.5,ASSUMPTION_SENSITIVE,fixed physical state count not reported; accelerator mapping is idealized
3,2,45.4,GRADUAL_MULTILEVEL,0,256,6,8,96.04297186415808,2560.0,TiOx_04,10.1007/s42835-019-00107-y,TiOx,76.0,GRADUAL_MULTILEVEL,0,0,normalized_from_ratio,IDEALIZED_GRADUAL_MAPPING,0.2237577394236876,0.2237577394236876,0.0,0.0,NOT_REQUIRED_OR_UNKNOWN,CLOSE_EXISTING_PROFILE,0.25,ASSUMPTION_SENSITIVE,absolute RON/ROFF unavailable; normalized from ratio; fixed physical state count not reported; accelerator mapping is idealized
3,3,45.4,GRADUAL_MULTILEVEL,0,256,6,8,96.04297186415808,2560.0,TiOx_02_Pt,10.1038/s41598-019-44607-3,TiOx,2.128684,GRADUAL_MULTILEVEL,0,0,absolute,IDEALIZED_GRADUAL_MAPPING,1.328944657009245,1.328944657009245,0.0,0.0,NOT_REQUIRED_OR_UNKNOWN,LARGE_GAP,0.5,ASSUMPTION_SENSITIVE,fixed physical state count not reported; accelerator mapping is idealized
4,1,5.0,ANALOG,0,256,7,8,96.03140939601732,2560.0,HfOx_02,10.1088/2634-4386/ac7327,HfOx,5.0,ANALOG,0,0,normalized_from_ratio,IDEALIZED_ANALOG_MAPPING,0.0,0.0,0.0,0.0,NOT_REQUIRED_OR_UNKNOWN,EXACT_DESCRIPTOR_MATCH,0.25,ASSUMPTION_SENSITIVE,absolute RON/ROFF unavailable; normalized from ratio; fixed physical state count not reported; accelerator mapping is idealized
4,2,5.0,ANALOG,0,256,7,8,96.03140939601732,2560.0,HfZrOx_01,10.1002/pssr.202000524,HfZrOx,2.0,ANALOG,0,0,normalized_from_ratio,IDEALIZED_ANALOG_MAPPING,0.39794000867203766,0.39794000867203766,0.0,0.0,NOT_REQUIRED_OR_UNKNOWN,CLOSE_EXISTING_PROFILE,0.25,ASSUMPTION_SENSITIVE,absolute RON/ROFF unavailable; normalized from ratio; fixed physical state count not reported; accelerator mapping is idealized
4,3,5.0,ANALOG,0,256,7,8,96.03140939601732,2560.0,TiOx_03,10.1016/j.spmi.2017.10.031,TiOx,80.0,ANALOG,0,0,normalized_from_ratio,IDEALIZED_ANALOG_MAPPING,1.2041199826559246,1.2041199826559246,0.0,0.0,NOT_REQUIRED_OR_UNKNOWN,LARGE_GAP,0.25,ASSUMPTION_SENSITIVE,absolute RON/ROFF unavailable; normalized from ratio; fixed physical state count not reported; accelerator mapping is idealized
5,1,2.0,ANALOG,0,256,7,8,96.02246026181818,2560.0,HfZrOx_01,10.1002/pssr.202000524,HfZrOx,2.0,ANALOG,0,0,normalized_from_ratio,IDEALIZED_ANALOG_MAPPING,0.0,0.0,0.0,0.0,NOT_REQUIRED_OR_UNKNOWN,EXACT_DESCRIPTOR_MATCH,0.25,ASSUMPTION_SENSITIVE,absolute RON/ROFF unavailable; normalized from ratio; fixed physical state count not reported; accelerator mapping is idealized
5,2,2.0,ANALOG,0,256,7,8,96.02246026181818,2560.0,HfOx_02,10.1088/2634-4386/ac7327,HfOx,5.0,ANALOG,0,0,normalized_from_ratio,IDEALIZED_ANALOG_MAPPING,0.39794000867203766,0.39794000867203766,0.0,0.0,NOT_REQUIRED_OR_UNKNOWN,CLOSE_EXISTING_PROFILE,0.25,ASSUMPTION_SENSITIVE,absolute RON/ROFF unavailable; normalized from ratio; fixed physical state count not reported; accelerator mapping is idealized
5,3,2.0,ANALOG,0,256,7,8,96.02246026181818,2560.0,TiOx_02_Pt,10.1038/s41598-019-44607-3,TiOx,2.128684,GRADUAL_MULTILEVEL,0,0,absolute,IDEALIZED_GRADUAL_MAPPING,1.5270812001838778,0.027081200183877885,1.0,0.0,NOT_REQUIRED_OR_UNKNOWN,LARGE_GAP,0.5,ASSUMPTION_SENSITIVE,fixed physical state count not reported; accelerator mapping is idealized
6,1,1.705978,GRADUAL_MULTILEVEL,0,256,7,8,95.99547595473638,2560.0,TiOx_02_Au,10.1038/s41598-019-44607-3,TiOx,1.705978,GRADUAL_MULTILEVEL,0,0,absolute,IDEALIZED_GRADUAL_MAPPING,8.326672684688674e-17,8.326672684688674e-17,0.0,0.0,NOT_REQUIRED_OR_UNKNOWN,EXACT_DESCRIPTOR_MATCH,0.5,ASSUMPTION_SENSITIVE,fixed physical state count not reported; accelerator mapping is idealized
6,2,1.705978,GRADUAL_MULTILEVEL,0,256,7,8,95.99547595473638,2560.0,TiOx_02_Pt,10.1038/s41598-019-44607-3,TiOx,2.128684,GRADUAL_MULTILEVEL,0,0,absolute,IDEALIZED_GRADUAL_MAPPING,0.0961377695674733,0.0961377695674733,0.0,0.0,NOT_REQUIRED_OR_UNKNOWN,VERY_CLOSE_EXISTING_PROFILE,0.5,ASSUMPTION_SENSITIVE,fixed physical state count not reported; accelerator mapping is idealized
6,3,1.705978,GRADUAL_MULTILEVEL,0,256,7,8,95.99547595473638,2560.0,TiOx_02_Ni,10.1038/s41598-019-44607-3,TiOx,1.10723,GRADUAL_MULTILEVEL,0,0,absolute,IDEALIZED_GRADUAL_MAPPING,0.18773558195495968,0.18773558195495968,0.0,0.0,NOT_REQUIRED_OR_UNKNOWN,CLOSE_EXISTING_PROFILE,0.5,ASSUMPTION_SENSITIVE,fixed physical state count not reported; accelerator mapping is idealized
7,1,76.0,GRADUAL_MULTILEVEL,0,256,6,8,96.04674550701522,2560.0,TiOx_04,10.1007/s42835-019-00107-y,TiOx,76.0,GRADUAL_MULTILEVEL,0,0,normalized_from_ratio,IDEALIZED_GRADUAL_MAPPING,2.220446049250313e-16,2.220446049250313e-16,0.0,0.0,NOT_REQUIRED_OR_UNKNOWN,EXACT_DESCRIPTOR_MATCH,0.25,ASSUMPTION_SENSITIVE,absolute RON/ROFF unavailable; normalized from ratio; fixed physical state count not reported; accelerator mapping is idealized
7,2,76.0,GRADUAL_MULTILEVEL,0,256,6,8,96.04674550701522,2560.0,HfOx_01,10.1109/TNANO.2024.3485213,HfOx,45.4,GRADUAL_MULTILEVEL,0,0,absolute,IDEALIZED_GRADUAL_MAPPING,0.22375773942368737,0.22375773942368737,0.0,0.0,NOT_REQUIRED_OR_UNKNOWN,CLOSE_EXISTING_PROFILE,0.5,ASSUMPTION_SENSITIVE,fixed physical state count not reported; accelerator mapping is idealized
7,3,76.0,GRADUAL_MULTILEVEL,0,256,6,8,96.04674550701522,2560.0,TiOx_03,10.1016/j.spmi.2017.10.031,TiOx,80.0,ANALOG,0,0,normalized_from_ratio,IDEALIZED_ANALOG_MAPPING,1.5222763947111522,0.02227639471115217,1.0,0.0,NOT_REQUIRED_OR_UNKNOWN,LARGE_GAP,0.25,ASSUMPTION_SENSITIVE,absolute RON/ROFF unavailable; normalized from ratio; fixed physical state count not reported; accelerator mapping is idealized
8,1,76.827637,GRADUAL_MULTILEVEL,0,256,6,8,96.04674550701522,2560.0,TiOx_04,10.1007/s42835-019-00107-y,TiOx,76.0,GRADUAL_MULTILEVEL,0,0,normalized_from_ratio,IDEALIZED_GRADUAL_MAPPING,0.004703883447419566,0.004703883447419566,0.0,0.0,NOT_REQUIRED_OR_UNKNOWN,VERY_CLOSE_EXISTING_PROFILE,0.25,ASSUMPTION_SENSITIVE,absolute RON/ROFF unavailable; normalized from ratio; fixed physical state count not reported; accelerator mapping is idealized
8,2,76.827637,GRADUAL_MULTILEVEL,0,256,6,8,96.04674550701522,2560.0,HfOx_01,10.1109/TNANO.2024.3485213,HfOx,45.4,GRADUAL_MULTILEVEL,0,0,absolute,IDEALIZED_GRADUAL_MAPPING,0.22846162287110716,0.22846162287110716,0.0,0.0,NOT_REQUIRED_OR_UNKNOWN,CLOSE_EXISTING_PROFILE,0.5,ASSUMPTION_SENSITIVE,fixed physical state count not reported; accelerator mapping is idealized
8,3,76.827637,GRADUAL_MULTILEVEL,0,256,6,8,96.04674550701522,2560.0,TiOx_03,10.1016/j.spmi.2017.10.031,TiOx,80.0,ANALOG,0,0,normalized_from_ratio,IDEALIZED_ANALOG_MAPPING,1.5175725112637324,0.017572511263732382,1.0,0.0,NOT_REQUIRED_OR_UNKNOWN,LARGE_GAP,0.25,ASSUMPTION_SENSITIVE,absolute RON/ROFF unavailable; normalized from ratio; fixed physical state count not reported; accelerator mapping is idealized
9,1,2.02898,ANALOG,0,256,7,8,96.02246026181818,2560.0,HfZrOx_01,10.1002/pssr.202000524,HfZrOx,2.0,ANALOG,0,0,normalized_from_ratio,IDEALIZED_ANALOG_MAPPING,0.00624777047609365,0.00624777047609365,0.0,0.0,NOT_REQUIRED_OR_UNKNOWN,VERY_CLOSE_EXISTING_PROFILE,0.25,ASSUMPTION_SENSITIVE,absolute RON/ROFF unavailable; normalized from ratio; fixed physical state count not reported; accelerator mapping is idealized
9,2,2.02898,ANALOG,0,256,7,8,96.02246026181818,2560.0,HfOx_02,10.1088/2634-4386/ac7327,HfOx,5.0,ANALOG,0,0,normalized_from_ratio,IDEALIZED_ANALOG_MAPPING,0.391692238195944,0.391692238195944,0.0,0.0,NOT_REQUIRED_OR_UNKNOWN,CLOSE_EXISTING_PROFILE,0.25,ASSUMPTION_SENSITIVE,absolute RON/ROFF unavailable; normalized from ratio; fixed physical state count not reported; accelerator mapping is idealized
9,3,2.02898,ANALOG,0,256,7,8,96.02246026181818,2560.0,TiOx_02_Pt,10.1038/s41598-019-44607-3,TiOx,2.128684,GRADUAL_MULTILEVEL,0,0,absolute,IDEALIZED_GRADUAL_MAPPING,1.5208334297077841,0.020833429707784235,1.0,0.0,NOT_REQUIRED_OR_UNKNOWN,LARGE_GAP,0.5,ASSUMPTION_SENSITIVE,fixed physical state count not reported; accelerator mapping is idealized
10,1,76.827637,ANALOG,0,256,6,8,96.04961233607504,2560.0,TiOx_03,10.1016/j.spmi.2017.10.031,TiOx,80.0,ANALOG,0,0,normalized_from_ratio,IDEALIZED_ANALOG_MAPPING,0.017572511263732382,0.017572511263732382,0.0,0.0,NOT_REQUIRED_OR_UNKNOWN,VERY_CLOSE_EXISTING_PROFILE,0.25,ASSUMPTION_SENSITIVE,absolute RON/ROFF unavailable; normalized from ratio; fixed physical state count not reported; accelerator mapping is idealized
10,2,76.827637,ANALOG,0,256,6,8,96.04961233607504,2560.0,HfOx_02,10.1088/2634-4386/ac7327,HfOx,5.0,ANALOG,0,0,normalized_from_ratio,IDEALIZED_ANALOG_MAPPING,1.1865474713921924,1.1865474713921924,0.0,0.0,NOT_REQUIRED_OR_UNKNOWN,LARGE_GAP,0.25,ASSUMPTION_SENSITIVE,absolute RON/ROFF unavailable; normalized from ratio; fixed physical state count not reported; accelerator mapping is idealized
10,3,76.827637,ANALOG,0,256,6,8,96.04961233607504,2560.0,TiOx_04,10.1007/s42835-019-00107-y,TiOx,76.0,GRADUAL_MULTILEVEL,0,0,normalized_from_ratio,IDEALIZED_GRADUAL_MAPPING,1.5047038834474196,0.004703883447419566,1.0,0.0,NOT_REQUIRED_OR_UNKNOWN,LARGE_GAP,0.25,ASSUMPTION_SENSITIVE,absolute RON/ROFF unavailable; normalized from ratio; fixed physical state count not reported; accelerator mapping is idealized
11,1,2.02898,GRADUAL_MULTILEVEL,0,256,7,8,96.01696408721502,2560.0,TiOx_02_Pt,10.1038/s41598-019-44607-3,TiOx,2.128684,GRADUAL_MULTILEVEL,0,0,absolute,IDEALIZED_GRADUAL_MAPPING,0.020833429707784235,0.020833429707784235,0.0,0.0,NOT_REQUIRED_OR_UNKNOWN,VERY_CLOSE_EXISTING_PROFILE,0.5,ASSUMPTION_SENSITIVE,fixed physical state count not reported; accelerator mapping is idealized
11,2,2.02898,GRADUAL_MULTILEVEL,0,256,7,8,96.01696408721502,2560.0,TiOx_02_Au,10.1038/s41598-019-44607-3,TiOx,1.705978,GRADUAL_MULTILEVEL,0,0,absolute,IDEALIZED_GRADUAL_MAPPING,0.07530433985968915,0.07530433985968915,0.0,0.0,NOT_REQUIRED_OR_UNKNOWN,VERY_CLOSE_EXISTING_PROFILE,0.5,ASSUMPTION_SENSITIVE,fixed physical state count not reported; accelerator mapping is idealized
11,3,2.02898,GRADUAL_MULTILEVEL,0,256,7,8,96.01696408721502,2560.0,TiOx_02_Ni,10.1038/s41598-019-44607-3,TiOx,1.10723,GRADUAL_MULTILEVEL,0,0,absolute,IDEALIZED_GRADUAL_MAPPING,0.26303992181464875,0.26303992181464875,0.0,0.0,NOT_REQUIRED_OR_UNKNOWN,CLOSE_EXISTING_PROFILE,0.5,ASSUMPTION_SENSITIVE,fixed physical state count not reported; accelerator mapping is idealized
12,1,80.0,GRADUAL_MULTILEVEL,0,256,6,8,96.05311331653904,2560.0,TiOx_04,10.1007/s42835-019-00107-y,TiOx,76.0,GRADUAL_MULTILEVEL,0,0,normalized_from_ratio,IDEALIZED_GRADUAL_MAPPING,0.022276394711151948,0.022276394711151948,0.0,0.0,NOT_REQUIRED_OR_UNKNOWN,VERY_CLOSE_EXISTING_PROFILE,0.25,ASSUMPTION_SENSITIVE,absolute RON/ROFF unavailable; normalized from ratio; fixed physical state count not reported; accelerator mapping is idealized
12,2,80.0,GRADUAL_MULTILEVEL,0,256,6,8,96.05311331653904,2560.0,HfOx_01,10.1109/TNANO.2024.3485213,HfOx,45.4,GRADUAL_MULTILEVEL,0,0,absolute,IDEALIZED_GRADUAL_MAPPING,0.24603413413483954,0.24603413413483954,0.0,0.0,NOT_REQUIRED_OR_UNKNOWN,CLOSE_EXISTING_PROFILE,0.5,ASSUMPTION_SENSITIVE,fixed physical state count not reported; accelerator mapping is idealized
12,3,80.0,GRADUAL_MULTILEVEL,0,256,6,8,96.05311331653904,2560.0,TiOx_03,10.1016/j.spmi.2017.10.031,TiOx,80.0,ANALOG,0,0,normalized_from_ratio,IDEALIZED_ANALOG_MAPPING,1.5,0.0,1.0,0.0,NOT_REQUIRED_OR_UNKNOWN,LARGE_GAP,0.25,ASSUMPTION_SENSITIVE,absolute RON/ROFF unavailable; normalized from ratio; fixed physical state count not reported; accelerator mapping is idealized
13,1,76.0,ANALOG,0,256,6,8,96.04961233607504,2560.0,TiOx_03,10.1016/j.spmi.2017.10.031,TiOx,80.0,ANALOG,0,0,normalized_from_ratio,IDEALIZED_ANALOG_MAPPING,0.02227639471115217,0.02227639471115217,0.0,0.0,NOT_REQUIRED_OR_UNKNOWN,VERY_CLOSE_EXISTING_PROFILE,0.25,ASSUMPTION_SENSITIVE,absolute RON/ROFF unavailable; normalized from ratio; fixed physical state count not reported; accelerator mapping is idealized
13,2,76.0,ANALOG,0,256,6,8,96.04961233607504,2560.0,HfOx_02,10.1088/2634-4386/ac7327,HfOx,5.0,ANALOG,0,0,normalized_from_ratio,IDEALIZED_ANALOG_MAPPING,1.1818435879447726,1.1818435879447726,0.0,0.0,NOT_REQUIRED_OR_UNKNOWN,LARGE_GAP,0.25,ASSUMPTION_SENSITIVE,absolute RON/ROFF unavailable; normalized from ratio; fixed physical state count not reported; accelerator mapping is idealized
13,3,76.0,ANALOG,0,256,6,8,96.04961233607504,2560.0,TiOx_04,10.1007/s42835-019-00107-y,TiOx,76.0,GRADUAL_MULTILEVEL,0,0,normalized_from_ratio,IDEALIZED_GRADUAL_MAPPING,1.5000000000000002,2.220446049250313e-16,1.0,0.0,NOT_REQUIRED_OR_UNKNOWN,LARGE_GAP,0.25,ASSUMPTION_SENSITIVE,absolute RON/ROFF unavailable; normalized from ratio; fixed physical state count not reported; accelerator mapping is idealized
14,1,2.128684,ANALOG,0,256,7,8,96.03803933252526,2560.0,HfZrOx_01,10.1002/pssr.202000524,HfZrOx,2.0,ANALOG,0,0,normalized_from_ratio,IDEALIZED_ANALOG_MAPPING,0.027081200183877885,0.027081200183877885,0.0,0.0,NOT_REQUIRED_OR_UNKNOWN,VERY_CLOSE_EXISTING_PROFILE,0.25,ASSUMPTION_SENSITIVE,absolute RON/ROFF unavailable; normalized from ratio; fixed physical state count not reported; accelerator mapping is idealized
14,2,2.128684,ANALOG,0,256,7,8,96.03803933252526,2560.0,HfOx_02,10.1088/2634-4386/ac7327,HfOx,5.0,ANALOG,0,0,normalized_from_ratio,IDEALIZED_ANALOG_MAPPING,0.3708588084881598,0.3708588084881598,0.0,0.0,NOT_REQUIRED_OR_UNKNOWN,CLOSE_EXISTING_PROFILE,0.25,ASSUMPTION_SENSITIVE,absolute RON/ROFF unavailable; normalized from ratio; fixed physical state count not reported; accelerator mapping is idealized
14,3,2.128684,ANALOG,0,256,7,8,96.03803933252526,2560.0,TiOx_02_Pt,10.1038/s41598-019-44607-3,TiOx,2.128684,GRADUAL_MULTILEVEL,0,0,absolute,IDEALIZED_GRADUAL_MAPPING,1.5,0.0,1.0,0.0,NOT_REQUIRED_OR_UNKNOWN,LARGE_GAP,0.5,ASSUMPTION_SENSITIVE,fixed physical state count not reported; accelerator mapping is idealized
15,1,2.0,GRADUAL_MULTILEVEL,0,256,7,8,96.01696408721502,2560.0,TiOx_02_Pt,10.1038/s41598-019-44607-3,TiOx,2.128684,GRADUAL_MULTILEVEL,0,0,absolute,IDEALIZED_GRADUAL_MAPPING,0.027081200183877885,0.027081200183877885,0.0,0.0,NOT_REQUIRED_OR_UNKNOWN,VERY_CLOSE_EXISTING_PROFILE,0.5,ASSUMPTION_SENSITIVE,fixed physical state count not reported; accelerator mapping is idealized
15,2,2.0,GRADUAL_MULTILEVEL,0,256,7,8,96.01696408721502,2560.0,TiOx_02_Au,10.1038/s41598-019-44607-3,TiOx,1.705978,GRADUAL_MULTILEVEL,0,0,absolute,IDEALIZED_GRADUAL_MAPPING,0.0690565693835955,0.0690565693835955,0.0,0.0,NOT_REQUIRED_OR_UNKNOWN,VERY_CLOSE_EXISTING_PROFILE,0.5,ASSUMPTION_SENSITIVE,fixed physical state count not reported; accelerator mapping is idealized
15,3,2.0,GRADUAL_MULTILEVEL,0,256,7,8,96.01696408721502,2560.0,TiOx_02_Ni,10.1038/s41598-019-44607-3,TiOx,1.10723,GRADUAL_MULTILEVEL,0,0,absolute,IDEALIZED_GRADUAL_MAPPING,0.2567921513385551,0.2567921513385551,0.0,0.0,NOT_REQUIRED_OR_UNKNOWN,CLOSE_EXISTING_PROFILE,0.5,ASSUMPTION_SENSITIVE,fixed physical state count not reported; accelerator mapping is idealized
16,1,41.92543,GRADUAL_MULTILEVEL,0,256,6,8,96.04297186415808,2560.0,HfOx_01,10.1109/TNANO.2024.3485213,HfOx,45.4,GRADUAL_MULTILEVEL,0,0,absolute,IDEALIZED_GRADUAL_MAPPING,0.034578327299444656,0.034578327299444656,0.0,0.0,NOT_REQUIRED_OR_UNKNOWN,VERY_CLOSE_EXISTING_PROFILE,0.5,ASSUMPTION_SENSITIVE,fixed physical state count not reported; accelerator mapping is idealized
16,2,41.92543,GRADUAL_MULTILEVEL,0,256,6,8,96.04297186415808,2560.0,TiOx_04,10.1007/s42835-019-00107-y,TiOx,76.0,GRADUAL_MULTILEVEL,0,0,normalized_from_ratio,IDEALIZED_GRADUAL_MAPPING,0.25833606672313225,0.25833606672313225,0.0,0.0,NOT_REQUIRED_OR_UNKNOWN,CLOSE_EXISTING_PROFILE,0.25,ASSUMPTION_SENSITIVE,absolute RON/ROFF unavailable; normalized from ratio; fixed physical state count not reported; accelerator mapping is idealized
16,3,41.92543,GRADUAL_MULTILEVEL,0,256,6,8,96.04297186415808,2560.0,TiOx_02_Pt,10.1038/s41598-019-44607-3,TiOx,2.128684,GRADUAL_MULTILEVEL,0,0,absolute,IDEALIZED_GRADUAL_MAPPING,1.2943663297098003,1.2943663297098003,0.0,0.0,NOT_REQUIRED_OR_UNKNOWN,LARGE_GAP,0.5,ASSUMPTION_SENSITIVE,fixed physical state count not reported; accelerator mapping is idealized
17,1,1.705978,ANALOG,0,256,7,8,96.00400774838718,2560.0,HfZrOx_01,10.1002/pssr.202000524,HfZrOx,2.0,ANALOG,0,0,normalized_from_ratio,IDEALIZED_ANALOG_MAPPING,0.06905656938359542,0.06905656938359542,0.0,0.0,NOT_REQUIRED_OR_UNKNOWN,VERY_CLOSE_EXISTING_PROFILE,0.25,ASSUMPTION_SENSITIVE,absolute RON/ROFF unavailable; normalized from ratio; fixed physical state count not reported; accelerator mapping is idealized
17,2,1.705978,ANALOG,0,256,7,8,96.00400774838718,2560.0,HfOx_02,10.1088/2634-4386/ac7327,HfOx,5.0,ANALOG,0,0,normalized_from_ratio,IDEALIZED_ANALOG_MAPPING,0.4669965780556331,0.4669965780556331,0.0,0.0,NOT_REQUIRED_OR_UNKNOWN,CLOSE_EXISTING_PROFILE,0.25,ASSUMPTION_SENSITIVE,absolute RON/ROFF unavailable; normalized from ratio; fixed physical state count not reported; accelerator mapping is idealized
17,3,1.705978,ANALOG,0,256,7,8,96.00400774838718,2560.0,TiOx_02_Au,10.1038/s41598-019-44607-3,TiOx,1.705978,GRADUAL_MULTILEVEL,0,0,absolute,IDEALIZED_GRADUAL_MAPPING,1.5,8.326672684688674e-17,1.0,0.0,NOT_REQUIRED_OR_UNKNOWN,LARGE_GAP,0.5,ASSUMPTION_SENSITIVE,fixed physical state count not reported; accelerator mapping is idealized
18,1,3.718072,ANALOG,0,256,7,8,96.03140939601732,2560.0,HfOx_02,10.1088/2634-4386/ac7327,HfOx,5.0,ANALOG,0,0,normalized_from_ratio,IDEALIZED_ANALOG_MAPPING,0.12865220876029704,0.12865220876029704,0.0,0.0,NOT_REQUIRED_OR_UNKNOWN,VERY_CLOSE_EXISTING_PROFILE,0.25,ASSUMPTION_SENSITIVE,absolute RON/ROFF unavailable; normalized from ratio; fixed physical state count not reported; accelerator mapping is idealized
18,2,3.718072,ANALOG,0,256,7,8,96.03140939601732,2560.0,HfZrOx_01,10.1002/pssr.202000524,HfZrOx,2.0,ANALOG,0,0,normalized_from_ratio,IDEALIZED_ANALOG_MAPPING,0.2692877999117406,0.2692877999117406,0.0,0.0,NOT_REQUIRED_OR_UNKNOWN,CLOSE_EXISTING_PROFILE,0.25,ASSUMPTION_SENSITIVE,absolute RON/ROFF unavailable; normalized from ratio; fixed physical state count not reported; accelerator mapping is idealized
18,3,3.718072,ANALOG,0,256,7,8,96.03140939601732,2560.0,TiOx_03,10.1016/j.spmi.2017.10.031,TiOx,80.0,ANALOG,0,0,normalized_from_ratio,IDEALIZED_ANALOG_MAPPING,1.3327721914162218,1.3327721914162218,0.0,0.0,NOT_REQUIRED_OR_UNKNOWN,LARGE_GAP,0.25,ASSUMPTION_SENSITIVE,absolute RON/ROFF unavailable; normalized from ratio; fixed physical state count not reported; accelerator mapping is idealized
19,1,6.813303,ANALOG,0,256,7,8,96.03140939601732,2560.0,HfOx_02,10.1088/2634-4386/ac7327,HfOx,5.0,ANALOG,0,0,normalized_from_ratio,IDEALIZED_ANALOG_MAPPING,0.13438769889985946,0.13438769889985946,0.0,0.0,NOT_REQUIRED_OR_UNKNOWN,VERY_CLOSE_EXISTING_PROFILE,0.25,ASSUMPTION_SENSITIVE,absolute RON/ROFF unavailable; normalized from ratio; fixed physical state count not reported; accelerator mapping is idealized
19,2,6.813303,ANALOG,0,256,7,8,96.03140939601732,2560.0,HfZrOx_01,10.1002/pssr.202000524,HfZrOx,2.0,ANALOG,0,0,normalized_from_ratio,IDEALIZED_ANALOG_MAPPING,0.5323277075718971,0.5323277075718971,0.0,0.0,NOT_REQUIRED_OR_UNKNOWN,MODERATE_GAP,0.25,ASSUMPTION_SENSITIVE,absolute RON/ROFF unavailable; normalized from ratio; fixed physical state count not reported; accelerator mapping is idealized
19,3,6.813303,ANALOG,0,256,7,8,96.03140939601732,2560.0,TiOx_03,10.1016/j.spmi.2017.10.031,TiOx,80.0,ANALOG,0,0,normalized_from_ratio,IDEALIZED_ANALOG_MAPPING,1.0697322837560652,1.0697322837560652,0.0,0.0,NOT_REQUIRED_OR_UNKNOWN,LARGE_GAP,0.25,ASSUMPTION_SENSITIVE,absolute RON/ROFF unavailable; normalized from ratio; fixed physical state count not reported; accelerator mapping is idealized
20,1,3.718072,GRADUAL_MULTILEVEL,0,256,7,8,96.035742562684,2560.0,TiOx_02_Pt,10.1038/s41598-019-44607-3,TiOx,2.128684,GRADUAL_MULTILEVEL,0,0,absolute,IDEALIZED_GRADUAL_MAPPING,0.24220659972786274,0.24220659972786274,0.0,0.0,NOT_REQUIRED_OR_UNKNOWN,CLOSE_EXISTING_PROFILE,0.5,ASSUMPTION_SENSITIVE,fixed physical state count not reported; accelerator mapping is idealized
20,2,3.718072,GRADUAL_MULTILEVEL,0,256,7,8,96.035742562684,2560.0,TiOx_02_Au,10.1038/s41598-019-44607-3,TiOx,1.705978,GRADUAL_MULTILEVEL,0,0,absolute,IDEALIZED_GRADUAL_MAPPING,0.3383443692953361,0.3383443692953361,0.0,0.0,NOT_REQUIRED_OR_UNKNOWN,CLOSE_EXISTING_PROFILE,0.5,ASSUMPTION_SENSITIVE,fixed physical state count not reported; accelerator mapping is idealized
20,3,3.718072,GRADUAL_MULTILEVEL,0,256,7,8,96.035742562684,2560.0,TiOx_02_Ni,10.1038/s41598-019-44607-3,TiOx,1.10723,GRADUAL_MULTILEVEL,0,0,absolute,IDEALIZED_GRADUAL_MAPPING,0.5260799512502957,0.5260799512502957,0.0,0.0,NOT_REQUIRED_OR_UNKNOWN,MODERATE_GAP,0.5,ASSUMPTION_SENSITIVE,fixed physical state count not reported; accelerator mapping is idealized
21,1,140.785336,ANALOG,0,256,6,8,96.05808271702742,2560.0,TiOx_03,10.1016/j.spmi.2017.10.031,TiOx,80.0,ANALOG,0,0,normalized_from_ratio,IDEALIZED_ANALOG_MAPPING,0.24546743467538756,0.24546743467538756,0.0,0.0,NOT_REQUIRED_OR_UNKNOWN,CLOSE_EXISTING_PROFILE,0.25,ASSUMPTION_SENSITIVE,absolute RON/ROFF unavailable; normalized from ratio; fixed physical state count not reported; accelerator mapping is idealized
21,2,140.785336,ANALOG,0,256,6,8,96.05808271702742,2560.0,HfOx_02,10.1088/2634-4386/ac7327,HfOx,5.0,ANALOG,0,0,normalized_from_ratio,IDEALIZED_ANALOG_MAPPING,1.4495874173313124,1.4495874173313124,0.0,0.0,NOT_REQUIRED_OR_UNKNOWN,LARGE_GAP,0.25,ASSUMPTION_SENSITIVE,absolute RON/ROFF unavailable; normalized from ratio; fixed physical state count not reported; accelerator mapping is idealized
21,3,140.785336,ANALOG,0,256,6,8,96.05808271702742,2560.0,TiOx_04,10.1007/s42835-019-00107-y,TiOx,76.0,GRADUAL_MULTILEVEL,0,0,normalized_from_ratio,IDEALIZED_GRADUAL_MAPPING,1.7677438293865395,0.2677438293865395,1.0,0.0,NOT_REQUIRED_OR_UNKNOWN,LARGE_GAP,0.25,ASSUMPTION_SENSITIVE,absolute RON/ROFF unavailable; normalized from ratio; fixed physical state count not reported; accelerator mapping is idealized
22,1,45.4,ANALOG,0,256,6,8,96.03962538369407,2560.0,TiOx_03,10.1016/j.spmi.2017.10.031,TiOx,80.0,ANALOG,0,0,normalized_from_ratio,IDEALIZED_ANALOG_MAPPING,0.24603413413483954,0.24603413413483954,0.0,0.0,NOT_REQUIRED_OR_UNKNOWN,CLOSE_EXISTING_PROFILE,0.25,ASSUMPTION_SENSITIVE,absolute RON/ROFF unavailable; normalized from ratio; fixed physical state count not reported; accelerator mapping is idealized
22,2,45.4,ANALOG,0,256,6,8,96.03962538369407,2560.0,HfOx_02,10.1088/2634-4386/ac7327,HfOx,5.0,ANALOG,0,0,normalized_from_ratio,IDEALIZED_ANALOG_MAPPING,0.9580858485210851,0.9580858485210851,0.0,0.0,NOT_REQUIRED_OR_UNKNOWN,MODERATE_GAP,0.25,ASSUMPTION_SENSITIVE,absolute RON/ROFF unavailable; normalized from ratio; fixed physical state count not reported; accelerator mapping is idealized
22,3,45.4,ANALOG,0,256,6,8,96.03962538369407,2560.0,HfZrOx_01,10.1002/pssr.202000524,HfZrOx,2.0,ANALOG,0,0,normalized_from_ratio,IDEALIZED_ANALOG_MAPPING,1.3560258571931227,1.3560258571931227,0.0,0.0,NOT_REQUIRED_OR_UNKNOWN,LARGE_GAP,0.25,ASSUMPTION_SENSITIVE,absolute RON/ROFF unavailable; normalized from ratio; fixed physical state count not reported; accelerator mapping is idealized
23,1,140.785336,GRADUAL_MULTILEVEL,0,256,6,8,96.05311331653904,2560.0,TiOx_04,10.1007/s42835-019-00107-y,TiOx,76.0,GRADUAL_MULTILEVEL,0,0,normalized_from_ratio,IDEALIZED_GRADUAL_MAPPING,0.2677438293865395,0.2677438293865395,0.0,0.0,NOT_REQUIRED_OR_UNKNOWN,CLOSE_EXISTING_PROFILE,0.25,ASSUMPTION_SENSITIVE,absolute RON/ROFF unavailable; normalized from ratio; fixed physical state count not reported; accelerator mapping is idealized
23,2,140.785336,GRADUAL_MULTILEVEL,0,256,6,8,96.05311331653904,2560.0,HfOx_01,10.1109/TNANO.2024.3485213,HfOx,45.4,GRADUAL_MULTILEVEL,0,0,absolute,IDEALIZED_GRADUAL_MAPPING,0.4915015688102271,0.4915015688102271,0.0,0.0,NOT_REQUIRED_OR_UNKNOWN,CLOSE_EXISTING_PROFILE,0.5,ASSUMPTION_SENSITIVE,fixed physical state count not reported; accelerator mapping is idealized
23,3,140.785336,GRADUAL_MULTILEVEL,0,256,6,8,96.05311331653904,2560.0,TiOx_03,10.1016/j.spmi.2017.10.031,TiOx,80.0,ANALOG,0,0,normalized_from_ratio,IDEALIZED_ANALOG_MAPPING,1.7454674346753876,0.24546743467538756,1.0,0.0,NOT_REQUIRED_OR_UNKNOWN,LARGE_GAP,0.25,ASSUMPTION_SENSITIVE,absolute RON/ROFF unavailable; normalized from ratio; fixed physical state count not reported; accelerator mapping is idealized
24,1,41.92543,ANALOG,0,256,6,8,96.03962538369407,2560.0,TiOx_03,10.1016/j.spmi.2017.10.031,TiOx,80.0,ANALOG,0,0,normalized_from_ratio,IDEALIZED_ANALOG_MAPPING,0.2806124614342842,0.2806124614342842,0.0,0.0,NOT_REQUIRED_OR_UNKNOWN,CLOSE_EXISTING_PROFILE,0.25,ASSUMPTION_SENSITIVE,absolute RON/ROFF unavailable; normalized from ratio; fixed physical state count not reported; accelerator mapping is idealized
24,2,41.92543,ANALOG,0,256,6,8,96.03962538369407,2560.0,HfOx_02,10.1088/2634-4386/ac7327,HfOx,5.0,ANALOG,0,0,normalized_from_ratio,IDEALIZED_ANALOG_MAPPING,0.9235075212216405,0.9235075212216405,0.0,0.0,NOT_REQUIRED_OR_UNKNOWN,MODERATE_GAP,0.25,ASSUMPTION_SENSITIVE,absolute RON/ROFF unavailable; normalized from ratio; fixed physical state count not reported; accelerator mapping is idealized
24,3,41.92543,ANALOG,0,256,6,8,96.03962538369407,2560.0,HfZrOx_01,10.1002/pssr.202000524,HfZrOx,2.0,ANALOG,0,0,normalized_from_ratio,IDEALIZED_ANALOG_MAPPING,1.321447529893678,1.321447529893678,0.0,0.0,NOT_REQUIRED_OR_UNKNOWN,LARGE_GAP,0.25,ASSUMPTION_SENSITIVE,absolute RON/ROFF unavailable; normalized from ratio; fixed physical state count not reported; accelerator mapping is idealized
25,1,22.879029,GRADUAL_MULTILEVEL,0,256,6,8,96.04297186415808,2560.0,HfOx_01,10.1109/TNANO.2024.3485213,HfOx,45.4,GRADUAL_MULTILEVEL,0,0,absolute,IDEALIZED_GRADUAL_MAPPING,0.2976182640687399,0.2976182640687399,0.0,0.0,NOT_REQUIRED_OR_UNKNOWN,CLOSE_EXISTING_PROFILE,0.5,ASSUMPTION_SENSITIVE,fixed physical state count not reported; accelerator mapping is idealized
25,2,22.879029,GRADUAL_MULTILEVEL,0,256,6,8,96.04297186415808,2560.0,TiOx_04,10.1007/s42835-019-00107-y,TiOx,76.0,GRADUAL_MULTILEVEL,0,0,normalized_from_ratio,IDEALIZED_GRADUAL_MAPPING,0.5213760034924275,0.5213760034924275,0.0,0.0,NOT_REQUIRED_OR_UNKNOWN,MODERATE_GAP,0.25,ASSUMPTION_SENSITIVE,absolute RON/ROFF unavailable; normalized from ratio; fixed physical state count not reported; accelerator mapping is idealized
25,3,22.879029,GRADUAL_MULTILEVEL,0,256,6,8,96.04297186415808,2560.0,TiOx_02_Pt,10.1038/s41598-019-44607-3,TiOx,2.128684,GRADUAL_MULTILEVEL,0,0,absolute,IDEALIZED_GRADUAL_MAPPING,1.031326392940505,1.031326392940505,0.0,0.0,NOT_REQUIRED_OR_UNKNOWN,LARGE_GAP,0.5,ASSUMPTION_SENSITIVE,fixed physical state count not reported; accelerator mapping is idealized
26,1,5.0,GRADUAL_MULTILEVEL,0,256,7,8,96.035742562684,2560.0,TiOx_02_Pt,10.1038/s41598-019-44607-3,TiOx,2.128684,GRADUAL_MULTILEVEL,0,0,absolute,IDEALIZED_GRADUAL_MAPPING,0.3708588084881598,0.3708588084881598,0.0,0.0,NOT_REQUIRED_OR_UNKNOWN,CLOSE_EXISTING_PROFILE,0.5,ASSUMPTION_SENSITIVE,fixed physical state count not reported; accelerator mapping is idealized
26,2,5.0,GRADUAL_MULTILEVEL,0,256,7,8,96.035742562684,2560.0,TiOx_02_Au,10.1038/s41598-019-44607-3,TiOx,1.705978,GRADUAL_MULTILEVEL,0,0,absolute,IDEALIZED_GRADUAL_MAPPING,0.46699657805563316,0.46699657805563316,0.0,0.0,NOT_REQUIRED_OR_UNKNOWN,CLOSE_EXISTING_PROFILE,0.5,ASSUMPTION_SENSITIVE,fixed physical state count not reported; accelerator mapping is idealized
26,3,5.0,GRADUAL_MULTILEVEL,0,256,7,8,96.035742562684,2560.0,TiOx_02_Ni,10.1038/s41598-019-44607-3,TiOx,1.10723,GRADUAL_MULTILEVEL,0,0,absolute,IDEALIZED_GRADUAL_MAPPING,0.6547321600105928,0.6547321600105928,0.0,0.0,NOT_REQUIRED_OR_UNKNOWN,MODERATE_GAP,0.5,ASSUMPTION_SENSITIVE,fixed physical state count not reported; accelerator mapping is idealized
27,1,12.485261,ANALOG,0,256,7,8,96.030960062684,2560.0,HfOx_02,10.1088/2634-4386/ac7327,HfOx,5.0,ANALOG,0,0,normalized_from_ratio,IDEALIZED_ANALOG_MAPPING,0.3974276212199891,0.3974276212199891,0.0,0.0,NOT_REQUIRED_OR_UNKNOWN,CLOSE_EXISTING_PROFILE,0.25,ASSUMPTION_SENSITIVE,absolute RON/ROFF unavailable; normalized from ratio; fixed physical state count not reported; accelerator mapping is idealized
27,2,12.485261,ANALOG,0,256,7,8,96.030960062684,2560.0,HfZrOx_01,10.1002/pssr.202000524,HfZrOx,2.0,ANALOG,0,0,normalized_from_ratio,IDEALIZED_ANALOG_MAPPING,0.7953676298920267,0.7953676298920267,0.0,0.0,NOT_REQUIRED_OR_UNKNOWN,MODERATE_GAP,0.25,ASSUMPTION_SENSITIVE,absolute RON/ROFF unavailable; normalized from ratio; fixed physical state count not reported; accelerator mapping is idealized
27,3,12.485261,ANALOG,0,256,7,8,96.030960062684,2560.0,TiOx_03,10.1016/j.spmi.2017.10.031,TiOx,80.0,ANALOG,0,0,normalized_from_ratio,IDEALIZED_ANALOG_MAPPING,0.8066923614359356,0.8066923614359356,0.0,0.0,NOT_REQUIRED_OR_UNKNOWN,MODERATE_GAP,0.25,ASSUMPTION_SENSITIVE,absolute RON/ROFF unavailable; normalized from ratio; fixed physical state count not reported; accelerator mapping is idealized
28,1,6.813303,GRADUAL_MULTILEVEL,0,256,7,8,96.035742562684,2560.0,TiOx_02_Pt,10.1038/s41598-019-44607-3,TiOx,2.128684,GRADUAL_MULTILEVEL,0,0,absolute,IDEALIZED_GRADUAL_MAPPING,0.5052465073880192,0.5052465073880192,0.0,0.0,NOT_REQUIRED_OR_UNKNOWN,MODERATE_GAP,0.5,ASSUMPTION_SENSITIVE,fixed physical state count not reported; accelerator mapping is idealized
28,2,6.813303,GRADUAL_MULTILEVEL,0,256,7,8,96.035742562684,2560.0,TiOx_02_Au,10.1038/s41598-019-44607-3,TiOx,1.705978,GRADUAL_MULTILEVEL,0,0,absolute,IDEALIZED_GRADUAL_MAPPING,0.6013842769554927,0.6013842769554927,0.0,0.0,NOT_REQUIRED_OR_UNKNOWN,MODERATE_GAP,0.5,ASSUMPTION_SENSITIVE,fixed physical state count not reported; accelerator mapping is idealized
28,3,6.813303,GRADUAL_MULTILEVEL,0,256,7,8,96.035742562684,2560.0,TiOx_02_Ni,10.1038/s41598-019-44607-3,TiOx,1.10723,GRADUAL_MULTILEVEL,0,0,absolute,IDEALIZED_GRADUAL_MAPPING,0.7891198589104522,0.7891198589104522,0.0,0.0,NOT_REQUIRED_OR_UNKNOWN,MODERATE_GAP,0.5,ASSUMPTION_SENSITIVE,fixed physical state count not reported; accelerator mapping is idealized
29,1,257.986731,ANALOG,0,256,6,8,96.05808271702742,2560.0,TiOx_03,10.1016/j.spmi.2017.10.031,TiOx,80.0,ANALOG,0,0,normalized_from_ratio,IDEALIZED_ANALOG_MAPPING,0.5085073825306947,0.5085073825306947,0.0,0.0,NOT_REQUIRED_OR_UNKNOWN,MODERATE_GAP,0.25,ASSUMPTION_SENSITIVE,absolute RON/ROFF unavailable; normalized from ratio; fixed physical state count not reported; accelerator mapping is idealized
29,2,257.986731,ANALOG,0,256,6,8,96.05808271702742,2560.0,HfOx_02,10.1088/2634-4386/ac7327,HfOx,5.0,ANALOG,0,0,normalized_from_ratio,IDEALIZED_ANALOG_MAPPING,1.7126273651866195,1.7126273651866195,0.0,0.0,NOT_REQUIRED_OR_UNKNOWN,LARGE_GAP,0.25,ASSUMPTION_SENSITIVE,absolute RON/ROFF unavailable; normalized from ratio; fixed physical state count not reported; accelerator mapping is idealized
29,3,257.986731,ANALOG,0,256,6,8,96.05808271702742,2560.0,TiOx_04,10.1007/s42835-019-00107-y,TiOx,76.0,GRADUAL_MULTILEVEL,0,0,normalized_from_ratio,IDEALIZED_GRADUAL_MAPPING,2.0307837772418464,0.5307837772418467,1.0,0.0,NOT_REQUIRED_OR_UNKNOWN,LARGE_GAP,0.25,ASSUMPTION_SENSITIVE,absolute RON/ROFF unavailable; normalized from ratio; fixed physical state count not reported; accelerator mapping is idealized
30,1,257.986731,GRADUAL_MULTILEVEL,0,256,6,8,96.05311331653904,2560.0,TiOx_04,10.1007/s42835-019-00107-y,TiOx,76.0,GRADUAL_MULTILEVEL,0,0,normalized_from_ratio,IDEALIZED_GRADUAL_MAPPING,0.5307837772418467,0.5307837772418467,0.0,0.0,NOT_REQUIRED_OR_UNKNOWN,MODERATE_GAP,0.25,ASSUMPTION_SENSITIVE,absolute RON/ROFF unavailable; normalized from ratio; fixed physical state count not reported; accelerator mapping is idealized
30,2,257.986731,GRADUAL_MULTILEVEL,0,256,6,8,96.05311331653904,2560.0,HfOx_01,10.1109/TNANO.2024.3485213,HfOx,45.4,GRADUAL_MULTILEVEL,0,0,absolute,IDEALIZED_GRADUAL_MAPPING,0.7545415166655343,0.7545415166655343,0.0,0.0,NOT_REQUIRED_OR_UNKNOWN,MODERATE_GAP,0.5,ASSUMPTION_SENSITIVE,fixed physical state count not reported; accelerator mapping is idealized
30,3,257.986731,GRADUAL_MULTILEVEL,0,256,6,8,96.05311331653904,2560.0,TiOx_03,10.1016/j.spmi.2017.10.031,TiOx,80.0,ANALOG,0,0,normalized_from_ratio,IDEALIZED_ANALOG_MAPPING,2.008507382530695,0.5085073825306947,1.0,0.0,NOT_REQUIRED_OR_UNKNOWN,LARGE_GAP,0.25,ASSUMPTION_SENSITIVE,absolute RON/ROFF unavailable; normalized from ratio; fixed physical state count not reported; accelerator mapping is idealized
31,1,22.879029,ANALOG,0,256,6,8,96.03962538369407,2560.0,TiOx_03,10.1016/j.spmi.2017.10.031,TiOx,80.0,ANALOG,0,0,normalized_from_ratio,IDEALIZED_ANALOG_MAPPING,0.5436523982035795,0.5436523982035795,0.0,0.0,NOT_REQUIRED_OR_UNKNOWN,MODERATE_GAP,0.25,ASSUMPTION_SENSITIVE,absolute RON/ROFF unavailable; normalized from ratio; fixed physical state count not reported; accelerator mapping is idealized
31,2,22.879029,ANALOG,0,256,6,8,96.03962538369407,2560.0,HfOx_02,10.1088/2634-4386/ac7327,HfOx,5.0,ANALOG,0,0,normalized_from_ratio,IDEALIZED_ANALOG_MAPPING,0.6604675844523452,0.6604675844523452,0.0,0.0,NOT_REQUIRED_OR_UNKNOWN,MODERATE_GAP,0.25,ASSUMPTION_SENSITIVE,absolute RON/ROFF unavailable; normalized from ratio; fixed physical state count not reported; accelerator mapping is idealized
31,3,22.879029,ANALOG,0,256,6,8,96.03962538369407,2560.0,HfZrOx_01,10.1002/pssr.202000524,HfZrOx,2.0,ANALOG,0,0,normalized_from_ratio,IDEALIZED_ANALOG_MAPPING,1.0584075931243828,1.0584075931243828,0.0,0.0,NOT_REQUIRED_OR_UNKNOWN,LARGE_GAP,0.25,ASSUMPTION_SENSITIVE,absolute RON/ROFF unavailable; normalized from ratio; fixed physical state count not reported; accelerator mapping is idealized
32,1,2909.09,DISCRETE_MULTILEVEL,8,256,4,8,95.83251684569984,2560.0,TaOx_01,10.1038/s41598-017-18329-3,TaOx,2909.09,DISCRETE_MULTILEVEL,1,7,absolute,DERIVED_DEVICE_STATE_CAP,0.09632253897119791,0.0,0.0,0.19264507794239583,AVAILABLE,VERY_CLOSE_EXISTING_PROFILE,1.0,LITERATURE_CONSTRAINED,none
32,2,2909.09,DISCRETE_MULTILEVEL,8,256,4,8,95.83251684569984,2560.0,ZnO_01,10.3390/electronics7120445,ZnO,1000.0,DISCRETE_BINARY,1,2,normalized_from_ratio,BIT_SLICED_BINARY_MAPPING,2.963757157444634,0.46375715744463397,1.0,2.0,AVAILABLE,LARGE_GAP,0.75,ASSUMPTION_SENSITIVE,absolute RON/ROFF unavailable; normalized from ratio
32,3,2909.09,DISCRETE_MULTILEVEL,8,256,4,8,95.83251684569984,2560.0,TiOx_03,10.1016/j.spmi.2017.10.031,TiOx,80.0,ANALOG,0,0,normalized_from_ratio,IDEALIZED_ANALOG_MAPPING,3.8106671704526907,1.5606671704526904,1.0,1.5,MISSING_IN_MATCHED_PROFILE,LARGE_GAP,0.25,ASSUMPTION_SENSITIVE,absolute RON/ROFF unavailable; normalized from ratio; fixed physical state count not reported; accelerator mapping is idealized
33,1,12.485261,GRADUAL_MULTILEVEL,0,256,7,8,96.03301994363638,2560.0,HfOx_01,10.1109/TNANO.2024.3485213,HfOx,45.4,GRADUAL_MULTILEVEL,0,0,absolute,IDEALIZED_GRADUAL_MAPPING,0.560658227301096,0.560658227301096,0.0,0.0,NOT_REQUIRED_OR_UNKNOWN,MODERATE_GAP,0.5,ASSUMPTION_SENSITIVE,fixed physical state count not reported; accelerator mapping is idealized
33,2,12.485261,GRADUAL_MULTILEVEL,0,256,7,8,96.03301994363638,2560.0,TiOx_02_Pt,10.1038/s41598-019-44607-3,TiOx,2.128684,GRADUAL_MULTILEVEL,0,0,absolute,IDEALIZED_GRADUAL_MAPPING,0.7682864297081489,0.7682864297081489,0.0,0.0,NOT_REQUIRED_OR_UNKNOWN,MODERATE_GAP,0.5,ASSUMPTION_SENSITIVE,fixed physical state count not reported; accelerator mapping is idealized
33,3,12.485261,GRADUAL_MULTILEVEL,0,256,7,8,96.03301994363638,2560.0,TiOx_04,10.1007/s42835-019-00107-y,TiOx,76.0,GRADUAL_MULTILEVEL,0,0,normalized_from_ratio,IDEALIZED_GRADUAL_MAPPING,0.7844159667247836,0.7844159667247836,0.0,0.0,NOT_REQUIRED_OR_UNKNOWN,MODERATE_GAP,0.25,ASSUMPTION_SENSITIVE,absolute RON/ROFF unavailable; normalized from ratio; fixed physical state count not reported; accelerator mapping is idealized
34,1,1587.512707,DISCRETE_MULTILEVEL,8,256,4,8,95.83613003617604,2560.0,TaOx_01,10.1038/s41598-017-18329-3,TaOx,2909.09,DISCRETE_MULTILEVEL,1,7,absolute,DERIVED_DEVICE_STATE_CAP,0.35936248619487654,0.2630399472236786,0.0,0.19264507794239583,AVAILABLE,CLOSE_EXISTING_PROFILE,1.0,LITERATURE_CONSTRAINED,none
34,2,1587.512707,DISCRETE_MULTILEVEL,8,256,4,8,95.83613003617604,2560.0,ZnO_01,10.3390/electronics7120445,ZnO,1000.0,DISCRETE_BINARY,1,2,normalized_from_ratio,BIT_SLICED_BINARY_MAPPING,2.7007172102209553,0.20071721022095534,1.0,2.0,AVAILABLE,LARGE_GAP,0.75,ASSUMPTION_SENSITIVE,absolute RON/ROFF unavailable; normalized from ratio
34,3,1587.512707,DISCRETE_MULTILEVEL,8,256,4,8,95.83613003617604,2560.0,TiOx_03,10.1016/j.spmi.2017.10.031,TiOx,80.0,ANALOG,0,0,normalized_from_ratio,IDEALIZED_ANALOG_MAPPING,3.5476272232290116,1.2976272232290118,1.0,1.5,MISSING_IN_MATCHED_PROFILE,LARGE_GAP,0.25,ASSUMPTION_SENSITIVE,absolute RON/ROFF unavailable; normalized from ratio; fixed physical state count not reported; accelerator mapping is idealized
35,1,1000.0,DISCRETE_MULTILEVEL,8,256,4,8,95.83613003617604,2560.0,TaOx_01,10.1038/s41598-017-18329-3,TaOx,2909.09,DISCRETE_MULTILEVEL,1,7,absolute,DERIVED_DEVICE_STATE_CAP,0.5600796964158319,0.46375715744463397,0.0,0.19264507794239583,AVAILABLE,MODERATE_GAP,1.0,LITERATURE_CONSTRAINED,none
35,2,1000.0,DISCRETE_MULTILEVEL,8,256,4,8,95.83613003617604,2560.0,ZnO_01,10.3390/electronics7120445,ZnO,1000.0,DISCRETE_BINARY,1,2,normalized_from_ratio,BIT_SLICED_BINARY_MAPPING,2.5,0.0,1.0,2.0,AVAILABLE,LARGE_GAP,0.75,ASSUMPTION_SENSITIVE,absolute RON/ROFF unavailable; normalized from ratio
35,3,1000.0,DISCRETE_MULTILEVEL,8,256,4,8,95.83613003617604,2560.0,TiOx_03,10.1016/j.spmi.2017.10.031,TiOx,80.0,ANALOG,0,0,normalized_from_ratio,IDEALIZED_ANALOG_MAPPING,3.3469100130080562,1.0969100130080565,1.0,1.5,MISSING_IN_MATCHED_PROFILE,LARGE_GAP,0.25,ASSUMPTION_SENSITIVE,absolute RON/ROFF unavailable; normalized from ratio; fixed physical state count not reported; accelerator mapping is idealized
36,1,866.31785,DISCRETE_MULTILEVEL,8,256,4,8,95.83613003617604,2560.0,TaOx_01,10.1038/s41598-017-18329-3,TaOx,2909.09,DISCRETE_MULTILEVEL,1,7,absolute,DERIVED_DEVICE_STATE_CAP,0.6224024335271154,0.5260798945559175,0.0,0.19264507794239583,AVAILABLE,MODERATE_GAP,1.0,LITERATURE_CONSTRAINED,none
36,2,866.31785,DISCRETE_MULTILEVEL,8,256,4,8,95.83613003617604,2560.0,ZnO_01,10.3390/electronics7120445,ZnO,1000.0,DISCRETE_BINARY,1,2,normalized_from_ratio,BIT_SLICED_BINARY_MAPPING,2.5623227371112836,0.062322737111283555,1.0,2.0,AVAILABLE,LARGE_GAP,0.75,ASSUMPTION_SENSITIVE,absolute RON/ROFF unavailable; normalized from ratio
36,3,866.31785,DISCRETE_MULTILEVEL,8,256,4,8,95.83613003617604,2560.0,TiOx_03,10.1016/j.spmi.2017.10.031,TiOx,80.0,ANALOG,0,0,normalized_from_ratio,IDEALIZED_ANALOG_MAPPING,3.284587275896773,1.034587275896773,1.0,1.5,MISSING_IN_MATCHED_PROFILE,LARGE_GAP,0.25,ASSUMPTION_SENSITIVE,absolute RON/ROFF unavailable; normalized from ratio; fixed physical state count not reported; accelerator mapping is idealized
37,1,472.75629,ANALOG,0,256,6,8,96.0573877170274,2560.0,TiOx_03,10.1016/j.spmi.2017.10.031,TiOx,80.0,ANALOG,0,0,normalized_from_ratio,IDEALIZED_ANALOG_MAPPING,0.7715473288310426,0.7715473288310426,0.0,0.0,NOT_REQUIRED_OR_UNKNOWN,MODERATE_GAP,0.25,ASSUMPTION_SENSITIVE,absolute RON/ROFF unavailable; normalized from ratio; fixed physical state count not reported; accelerator mapping is idealized
37,2,472.75629,ANALOG,0,256,6,8,96.0573877170274,2560.0,ZnO_01,10.3390/electronics7120445,ZnO,1000.0,DISCRETE_BINARY,1,2,normalized_from_ratio,BIT_SLICED_BINARY_MAPPING,1.8253626841770139,0.32536268417701386,1.0,0.0,NOT_REQUIRED_OR_UNKNOWN,LARGE_GAP,0.75,ASSUMPTION_SENSITIVE,absolute RON/ROFF unavailable; normalized from ratio
37,3,472.75629,ANALOG,0,256,6,8,96.0573877170274,2560.0,HfOx_02,10.1088/2634-4386/ac7327,HfOx,5.0,ANALOG,0,0,normalized_from_ratio,IDEALIZED_ANALOG_MAPPING,1.9756673114869674,1.9756673114869674,0.0,0.0,NOT_REQUIRED_OR_UNKNOWN,LARGE_GAP,0.25,ASSUMPTION_SENSITIVE,absolute RON/ROFF unavailable; normalized from ratio; fixed physical state count not reported; accelerator mapping is idealized
38,1,472.75629,GRADUAL_MULTILEVEL,0,256,6,8,96.05298303082472,2560.0,TiOx_04,10.1007/s42835-019-00107-y,TiOx,76.0,GRADUAL_MULTILEVEL,0,0,normalized_from_ratio,IDEALIZED_GRADUAL_MAPPING,0.7938237235421945,0.7938237235421945,0.0,0.0,NOT_REQUIRED_OR_UNKNOWN,MODERATE_GAP,0.25,ASSUMPTION_SENSITIVE,absolute RON/ROFF unavailable; normalized from ratio; fixed physical state count not reported; accelerator mapping is idealized
38,2,472.75629,GRADUAL_MULTILEVEL,0,256,6,8,96.05298303082472,2560.0,HfOx_01,10.1109/TNANO.2024.3485213,HfOx,45.4,GRADUAL_MULTILEVEL,0,0,absolute,IDEALIZED_GRADUAL_MAPPING,1.0175814629658821,1.0175814629658821,0.0,0.0,NOT_REQUIRED_OR_UNKNOWN,LARGE_GAP,0.5,ASSUMPTION_SENSITIVE,fixed physical state count not reported; accelerator mapping is idealized
38,3,472.75629,GRADUAL_MULTILEVEL,0,256,6,8,96.05298303082472,2560.0,ZnO_01,10.3390/electronics7120445,ZnO,1000.0,DISCRETE_BINARY,1,2,normalized_from_ratio,BIT_SLICED_BINARY_MAPPING,1.8253626841770139,0.32536268417701386,1.0,0.0,NOT_REQUIRED_OR_UNKNOWN,LARGE_GAP,0.75,ASSUMPTION_SENSITIVE,absolute RON/ROFF unavailable; normalized from ratio
39,1,472.75629,DISCRETE_MULTILEVEL,8,256,4,8,95.83613003617604,2560.0,TaOx_01,10.1038/s41598-017-18329-3,TaOx,2909.09,DISCRETE_MULTILEVEL,1,7,absolute,DERIVED_DEVICE_STATE_CAP,0.8854423805928457,0.7891198416216478,0.0,0.19264507794239583,AVAILABLE,MODERATE_GAP,1.0,LITERATURE_CONSTRAINED,none
39,2,472.75629,DISCRETE_MULTILEVEL,8,256,4,8,95.83613003617604,2560.0,ZnO_01,10.3390/electronics7120445,ZnO,1000.0,DISCRETE_BINARY,1,2,normalized_from_ratio,BIT_SLICED_BINARY_MAPPING,2.825362684177014,0.32536268417701386,1.0,2.0,AVAILABLE,LARGE_GAP,0.75,ASSUMPTION_SENSITIVE,absolute RON/ROFF unavailable; normalized from ratio
39,3,472.75629,DISCRETE_MULTILEVEL,8,256,4,8,95.83613003617604,2560.0,TiOx_03,10.1016/j.spmi.2017.10.031,TiOx,80.0,ANALOG,0,0,normalized_from_ratio,IDEALIZED_ANALOG_MAPPING,3.0215473288310424,0.7715473288310426,1.0,1.5,MISSING_IN_MATCHED_PROFILE,LARGE_GAP,0.25,ASSUMPTION_SENSITIVE,absolute RON/ROFF unavailable; normalized from ratio; fixed physical state count not reported; accelerator mapping is idealized
40,1,866.31785,ANALOG,0,256,6,8,96.0573877170274,2560.0,TiOx_03,10.1016/j.spmi.2017.10.031,TiOx,80.0,ANALOG,0,0,normalized_from_ratio,IDEALIZED_ANALOG_MAPPING,1.034587275896773,1.034587275896773,0.0,0.0,NOT_REQUIRED_OR_UNKNOWN,LARGE_GAP,0.25,ASSUMPTION_SENSITIVE,absolute RON/ROFF unavailable; normalized from ratio; fixed physical state count not reported; accelerator mapping is idealized
40,2,866.31785,ANALOG,0,256,6,8,96.0573877170274,2560.0,ZnO_01,10.3390/electronics7120445,ZnO,1000.0,DISCRETE_BINARY,1,2,normalized_from_ratio,BIT_SLICED_BINARY_MAPPING,1.5623227371112836,0.062322737111283555,1.0,0.0,NOT_REQUIRED_OR_UNKNOWN,LARGE_GAP,0.75,ASSUMPTION_SENSITIVE,absolute RON/ROFF unavailable; normalized from ratio
40,3,866.31785,ANALOG,0,256,6,8,96.0573877170274,2560.0,TaOx_01,10.1038/s41598-017-18329-3,TaOx,2909.09,DISCRETE_MULTILEVEL,1,7,absolute,DERIVED_DEVICE_STATE_CAP,2.0260798945559175,0.5260798945559175,1.0,0.0,NOT_REQUIRED_OR_UNKNOWN,LARGE_GAP,1.0,LITERATURE_CONSTRAINED,none
41,1,866.31785,GRADUAL_MULTILEVEL,0,256,6,8,96.05298303082472,2560.0,TiOx_04,10.1007/s42835-019-00107-y,TiOx,76.0,GRADUAL_MULTILEVEL,0,0,normalized_from_ratio,IDEALIZED_GRADUAL_MAPPING,1.0568636706079249,1.0568636706079249,0.0,0.0,NOT_REQUIRED_OR_UNKNOWN,LARGE_GAP,0.25,ASSUMPTION_SENSITIVE,absolute RON/ROFF unavailable; normalized from ratio; fixed physical state count not reported; accelerator mapping is idealized
41,2,866.31785,GRADUAL_MULTILEVEL,0,256,6,8,96.05298303082472,2560.0,HfOx_01,10.1109/TNANO.2024.3485213,HfOx,45.4,GRADUAL_MULTILEVEL,0,0,absolute,IDEALIZED_GRADUAL_MAPPING,1.2806214100316125,1.2806214100316125,0.0,0.0,NOT_REQUIRED_OR_UNKNOWN,LARGE_GAP,0.5,ASSUMPTION_SENSITIVE,fixed physical state count not reported; accelerator mapping is idealized
41,3,866.31785,GRADUAL_MULTILEVEL,0,256,6,8,96.05298303082472,2560.0,ZnO_01,10.3390/electronics7120445,ZnO,1000.0,DISCRETE_BINARY,1,2,normalized_from_ratio,BIT_SLICED_BINARY_MAPPING,1.5623227371112836,0.062322737111283555,1.0,0.0,NOT_REQUIRED_OR_UNKNOWN,LARGE_GAP,0.75,ASSUMPTION_SENSITIVE,absolute RON/ROFF unavailable; normalized from ratio
42,1,1000.0,ANALOG,0,256,6,8,96.0573877170274,2560.0,TiOx_03,10.1016/j.spmi.2017.10.031,TiOx,80.0,ANALOG,0,0,normalized_from_ratio,IDEALIZED_ANALOG_MAPPING,1.0969100130080565,1.0969100130080565,0.0,0.0,NOT_REQUIRED_OR_UNKNOWN,LARGE_GAP,0.25,ASSUMPTION_SENSITIVE,absolute RON/ROFF unavailable; normalized from ratio; fixed physical state count not reported; accelerator mapping is idealized
42,2,1000.0,ANALOG,0,256,6,8,96.0573877170274,2560.0,ZnO_01,10.3390/electronics7120445,ZnO,1000.0,DISCRETE_BINARY,1,2,normalized_from_ratio,BIT_SLICED_BINARY_MAPPING,1.5,0.0,1.0,0.0,NOT_REQUIRED_OR_UNKNOWN,LARGE_GAP,0.75,ASSUMPTION_SENSITIVE,absolute RON/ROFF unavailable; normalized from ratio
42,3,1000.0,ANALOG,0,256,6,8,96.0573877170274,2560.0,TaOx_01,10.1038/s41598-017-18329-3,TaOx,2909.09,DISCRETE_MULTILEVEL,1,7,absolute,DERIVED_DEVICE_STATE_CAP,1.963757157444634,0.46375715744463397,1.0,0.0,NOT_REQUIRED_OR_UNKNOWN,LARGE_GAP,1.0,LITERATURE_CONSTRAINED,none
43,1,1000.0,GRADUAL_MULTILEVEL,0,256,6,8,96.05298303082472,2560.0,TiOx_04,10.1007/s42835-019-00107-y,TiOx,76.0,GRADUAL_MULTILEVEL,0,0,normalized_from_ratio,IDEALIZED_GRADUAL_MAPPING,1.1191864077192084,1.1191864077192084,0.0,0.0,NOT_REQUIRED_OR_UNKNOWN,LARGE_GAP,0.25,ASSUMPTION_SENSITIVE,absolute RON/ROFF unavailable; normalized from ratio; fixed physical state count not reported; accelerator mapping is idealized
43,2,1000.0,GRADUAL_MULTILEVEL,0,256,6,8,96.05298303082472,2560.0,HfOx_01,10.1109/TNANO.2024.3485213,HfOx,45.4,GRADUAL_MULTILEVEL,0,0,absolute,IDEALIZED_GRADUAL_MAPPING,1.342944147142896,1.342944147142896,0.0,0.0,NOT_REQUIRED_OR_UNKNOWN,LARGE_GAP,0.5,ASSUMPTION_SENSITIVE,fixed physical state count not reported; accelerator mapping is idealized
43,3,1000.0,GRADUAL_MULTILEVEL,0,256,6,8,96.05298303082472,2560.0,ZnO_01,10.3390/electronics7120445,ZnO,1000.0,DISCRETE_BINARY,1,2,normalized_from_ratio,BIT_SLICED_BINARY_MAPPING,1.5,0.0,1.0,0.0,NOT_REQUIRED_OR_UNKNOWN,LARGE_GAP,0.75,ASSUMPTION_SENSITIVE,absolute RON/ROFF unavailable; normalized from ratio
44,1,257.986731,DISCRETE_MULTILEVEL,8,256,4,8,95.83527274541125,2560.0,TaOx_01,10.1038/s41598-017-18329-3,TaOx,2909.09,DISCRETE_MULTILEVEL,1,7,absolute,DERIVED_DEVICE_STATE_CAP,1.1484823268931936,1.0521597879219957,0.0,0.19264507794239583,AVAILABLE,LARGE_GAP,1.0,LITERATURE_CONSTRAINED,none
44,2,257.986731,DISCRETE_MULTILEVEL,8,256,4,8,95.83527274541125,2560.0,TiOx_03,10.1016/j.spmi.2017.10.031,TiOx,80.0,ANALOG,0,0,normalized_from_ratio,IDEALIZED_ANALOG_MAPPING,2.758507382530695,0.5085073825306947,1.0,1.5,MISSING_IN_MATCHED_PROFILE,LARGE_GAP,0.25,ASSUMPTION_SENSITIVE,absolute RON/ROFF unavailable; normalized from ratio; fixed physical state count not reported; accelerator mapping is idealized
44,3,257.986731,DISCRETE_MULTILEVEL,8,256,4,8,95.83527274541125,2560.0,TiOx_04,10.1007/s42835-019-00107-y,TiOx,76.0,GRADUAL_MULTILEVEL,0,0,normalized_from_ratio,IDEALIZED_GRADUAL_MAPPING,2.7807837772418464,0.5307837772418467,1.0,1.5,MISSING_IN_MATCHED_PROFILE,LARGE_GAP,0.25,ASSUMPTION_SENSITIVE,absolute RON/ROFF unavailable; normalized from ratio; fixed physical state count not reported; accelerator mapping is idealized
45,1,1587.512707,ANALOG,0,256,6,8,96.0573877170274,2560.0,TiOx_03,10.1016/j.spmi.2017.10.031,TiOx,80.0,ANALOG,0,0,normalized_from_ratio,IDEALIZED_ANALOG_MAPPING,1.2976272232290118,1.2976272232290118,0.0,0.0,NOT_REQUIRED_OR_UNKNOWN,LARGE_GAP,0.25,ASSUMPTION_SENSITIVE,absolute RON/ROFF unavailable; normalized from ratio; fixed physical state count not reported; accelerator mapping is idealized
45,2,1587.512707,ANALOG,0,256,6,8,96.0573877170274,2560.0,ZnO_01,10.3390/electronics7120445,ZnO,1000.0,DISCRETE_BINARY,1,2,normalized_from_ratio,BIT_SLICED_BINARY_MAPPING,1.7007172102209553,0.20071721022095534,1.0,0.0,NOT_REQUIRED_OR_UNKNOWN,LARGE_GAP,0.75,ASSUMPTION_SENSITIVE,absolute RON/ROFF unavailable; normalized from ratio
45,3,1587.512707,ANALOG,0,256,6,8,96.0573877170274,2560.0,TaOx_01,10.1038/s41598-017-18329-3,TaOx,2909.09,DISCRETE_MULTILEVEL,1,7,absolute,DERIVED_DEVICE_STATE_CAP,1.7630399472236786,0.2630399472236786,1.0,0.0,NOT_REQUIRED_OR_UNKNOWN,LARGE_GAP,1.0,LITERATURE_CONSTRAINED,none
46,1,1587.512707,GRADUAL_MULTILEVEL,0,256,6,8,96.05298303082472,2560.0,TiOx_04,10.1007/s42835-019-00107-y,TiOx,76.0,GRADUAL_MULTILEVEL,0,0,normalized_from_ratio,IDEALIZED_GRADUAL_MAPPING,1.3199036179401638,1.3199036179401638,0.0,0.0,NOT_REQUIRED_OR_UNKNOWN,LARGE_GAP,0.25,ASSUMPTION_SENSITIVE,absolute RON/ROFF unavailable; normalized from ratio; fixed physical state count not reported; accelerator mapping is idealized
46,2,1587.512707,GRADUAL_MULTILEVEL,0,256,6,8,96.05298303082472,2560.0,HfOx_01,10.1109/TNANO.2024.3485213,HfOx,45.4,GRADUAL_MULTILEVEL,0,0,absolute,IDEALIZED_GRADUAL_MAPPING,1.5436613573638513,1.5436613573638513,0.0,0.0,NOT_REQUIRED_OR_UNKNOWN,LARGE_GAP,0.5,ASSUMPTION_SENSITIVE,fixed physical state count not reported; accelerator mapping is idealized
46,3,1587.512707,GRADUAL_MULTILEVEL,0,256,6,8,96.05298303082472,2560.0,ZnO_01,10.3390/electronics7120445,ZnO,1000.0,DISCRETE_BINARY,1,2,normalized_from_ratio,BIT_SLICED_BINARY_MAPPING,1.7007172102209553,0.20071721022095534,1.0,0.0,NOT_REQUIRED_OR_UNKNOWN,LARGE_GAP,0.75,ASSUMPTION_SENSITIVE,absolute RON/ROFF unavailable; normalized from ratio
47,1,140.785336,DISCRETE_MULTILEVEL,8,256,4,8,95.83527274541125,2560.0,TaOx_01,10.1038/s41598-017-18329-3,TaOx,2909.09,DISCRETE_MULTILEVEL,1,7,absolute,DERIVED_DEVICE_STATE_CAP,1.4115222747485008,1.3151997357773029,0.0,0.19264507794239583,AVAILABLE,LARGE_GAP,1.0,LITERATURE_CONSTRAINED,none
47,2,140.785336,DISCRETE_MULTILEVEL,8,256,4,8,95.83527274541125,2560.0,TiOx_03,10.1016/j.spmi.2017.10.031,TiOx,80.0,ANALOG,0,0,normalized_from_ratio,IDEALIZED_ANALOG_MAPPING,2.495467434675388,0.24546743467538756,1.0,1.5,MISSING_IN_MATCHED_PROFILE,LARGE_GAP,0.25,ASSUMPTION_SENSITIVE,absolute RON/ROFF unavailable; normalized from ratio; fixed physical state count not reported; accelerator mapping is idealized
47,3,140.785336,DISCRETE_MULTILEVEL,8,256,4,8,95.83527274541125,2560.0,TiOx_04,10.1007/s42835-019-00107-y,TiOx,76.0,GRADUAL_MULTILEVEL,0,0,normalized_from_ratio,IDEALIZED_GRADUAL_MAPPING,2.5177438293865393,0.2677438293865395,1.0,1.5,MISSING_IN_MATCHED_PROFILE,LARGE_GAP,0.25,ASSUMPTION_SENSITIVE,absolute RON/ROFF unavailable; normalized from ratio; fixed physical state count not reported; accelerator mapping is idealized
48,1,2909.09,ANALOG,0,256,6,8,96.0573877170274,2560.0,TaOx_01,10.1038/s41598-017-18329-3,TaOx,2909.09,DISCRETE_MULTILEVEL,1,7,absolute,DERIVED_DEVICE_STATE_CAP,1.5,0.0,1.0,0.0,NOT_REQUIRED_OR_UNKNOWN,LARGE_GAP,1.0,LITERATURE_CONSTRAINED,none
48,2,2909.09,ANALOG,0,256,6,8,96.0573877170274,2560.0,TiOx_03,10.1016/j.spmi.2017.10.031,TiOx,80.0,ANALOG,0,0,normalized_from_ratio,IDEALIZED_ANALOG_MAPPING,1.5606671704526904,1.5606671704526904,0.0,0.0,NOT_REQUIRED_OR_UNKNOWN,LARGE_GAP,0.25,ASSUMPTION_SENSITIVE,absolute RON/ROFF unavailable; normalized from ratio; fixed physical state count not reported; accelerator mapping is idealized
48,3,2909.09,ANALOG,0,256,6,8,96.0573877170274,2560.0,ZnO_01,10.3390/electronics7120445,ZnO,1000.0,DISCRETE_BINARY,1,2,normalized_from_ratio,BIT_SLICED_BINARY_MAPPING,1.963757157444634,0.46375715744463397,1.0,0.0,NOT_REQUIRED_OR_UNKNOWN,LARGE_GAP,0.75,ASSUMPTION_SENSITIVE,absolute RON/ROFF unavailable; normalized from ratio
49,1,2909.09,GRADUAL_MULTILEVEL,0,256,6,8,96.05298303082472,2560.0,TaOx_01,10.1038/s41598-017-18329-3,TaOx,2909.09,DISCRETE_MULTILEVEL,1,7,absolute,DERIVED_DEVICE_STATE_CAP,1.5,0.0,1.0,0.0,NOT_REQUIRED_OR_UNKNOWN,LARGE_GAP,1.0,LITERATURE_CONSTRAINED,none
49,2,2909.09,GRADUAL_MULTILEVEL,0,256,6,8,96.05298303082472,2560.0,TiOx_04,10.1007/s42835-019-00107-y,TiOx,76.0,GRADUAL_MULTILEVEL,0,0,normalized_from_ratio,IDEALIZED_GRADUAL_MAPPING,1.5829435651638424,1.5829435651638424,0.0,0.0,NOT_REQUIRED_OR_UNKNOWN,LARGE_GAP,0.25,ASSUMPTION_SENSITIVE,absolute RON/ROFF unavailable; normalized from ratio; fixed physical state count not reported; accelerator mapping is idealized
49,3,2909.09,GRADUAL_MULTILEVEL,0,256,6,8,96.05298303082472,2560.0,HfOx_01,10.1109/TNANO.2024.3485213,HfOx,45.4,GRADUAL_MULTILEVEL,0,0,absolute,IDEALIZED_GRADUAL_MAPPING,1.80670130458753,1.80670130458753,0.0,0.0,NOT_REQUIRED_OR_UNKNOWN,LARGE_GAP,0.5,ASSUMPTION_SENSITIVE,fixed physical state count not reported; accelerator mapping is idealized
50,1,80.0,DISCRETE_MULTILEVEL,8,256,4,8,95.83527274541125,2560.0,TaOx_01,10.1038/s41598-017-18329-3,TaOx,2909.09,DISCRETE_MULTILEVEL,1,7,absolute,DERIVED_DEVICE_STATE_CAP,1.6569897094238883,1.5606671704526904,0.0,0.19264507794239583,AVAILABLE,LARGE_GAP,1.0,LITERATURE_CONSTRAINED,none
50,2,80.0,DISCRETE_MULTILEVEL,8,256,4,8,95.83527274541125,2560.0,TiOx_03,10.1016/j.spmi.2017.10.031,TiOx,80.0,ANALOG,0,0,normalized_from_ratio,IDEALIZED_ANALOG_MAPPING,2.25,0.0,1.0,1.5,MISSING_IN_MATCHED_PROFILE,LARGE_GAP,0.25,ASSUMPTION_SENSITIVE,absolute RON/ROFF unavailable; normalized from ratio; fixed physical state count not reported; accelerator mapping is idealized
50,3,80.0,DISCRETE_MULTILEVEL,8,256,4,8,95.83527274541125,2560.0,TiOx_04,10.1007/s42835-019-00107-y,TiOx,76.0,GRADUAL_MULTILEVEL,0,0,normalized_from_ratio,IDEALIZED_GRADUAL_MAPPING,2.272276394711152,0.022276394711151948,1.0,1.5,MISSING_IN_MATCHED_PROFILE,LARGE_GAP,0.25,ASSUMPTION_SENSITIVE,absolute RON/ROFF unavailable; normalized from ratio; fixed physical state count not reported; accelerator mapping is idealized
51,1,76.827637,DISCRETE_MULTILEVEL,8,256,4,8,95.85272267903318,2560.0,TaOx_01,10.1038/s41598-017-18329-3,TaOx,2909.09,DISCRETE_MULTILEVEL,1,7,absolute,DERIVED_DEVICE_STATE_CAP,1.6745622206876207,1.5782396817164228,0.0,0.19264507794239583,AVAILABLE,LARGE_GAP,1.0,LITERATURE_CONSTRAINED,none
51,2,76.827637,DISCRETE_MULTILEVEL,8,256,4,8,95.85272267903318,2560.0,TiOx_04,10.1007/s42835-019-00107-y,TiOx,76.0,GRADUAL_MULTILEVEL,0,0,normalized_from_ratio,IDEALIZED_GRADUAL_MAPPING,2.2547038834474193,0.004703883447419566,1.0,1.5,MISSING_IN_MATCHED_PROFILE,LARGE_GAP,0.25,ASSUMPTION_SENSITIVE,absolute RON/ROFF unavailable; normalized from ratio; fixed physical state count not reported; accelerator mapping is idealized
51,3,76.827637,DISCRETE_MULTILEVEL,8,256,4,8,95.85272267903318,2560.0,TiOx_03,10.1016/j.spmi.2017.10.031,TiOx,80.0,ANALOG,0,0,normalized_from_ratio,IDEALIZED_ANALOG_MAPPING,2.267572511263732,0.017572511263732382,1.0,1.5,MISSING_IN_MATCHED_PROFILE,LARGE_GAP,0.25,ASSUMPTION_SENSITIVE,absolute RON/ROFF unavailable; normalized from ratio; fixed physical state count not reported; accelerator mapping is idealized
52,1,76.0,DISCRETE_MULTILEVEL,8,256,4,8,95.85272267903318,2560.0,TaOx_01,10.1038/s41598-017-18329-3,TaOx,2909.09,DISCRETE_MULTILEVEL,1,7,absolute,DERIVED_DEVICE_STATE_CAP,1.6792661041350405,1.5829435651638426,0.0,0.19264507794239583,AVAILABLE,LARGE_GAP,1.0,LITERATURE_CONSTRAINED,none
52,2,76.0,DISCRETE_MULTILEVEL,8,256,4,8,95.85272267903318,2560.0,TiOx_04,10.1007/s42835-019-00107-y,TiOx,76.0,GRADUAL_MULTILEVEL,0,0,normalized_from_ratio,IDEALIZED_GRADUAL_MAPPING,2.25,2.220446049250313e-16,1.0,1.5,MISSING_IN_MATCHED_PROFILE,LARGE_GAP,0.25,ASSUMPTION_SENSITIVE,absolute RON/ROFF unavailable; normalized from ratio; fixed physical state count not reported; accelerator mapping is idealized
52,3,76.0,DISCRETE_MULTILEVEL,8,256,4,8,95.85272267903318,2560.0,TiOx_03,10.1016/j.spmi.2017.10.031,TiOx,80.0,ANALOG,0,0,normalized_from_ratio,IDEALIZED_ANALOG_MAPPING,2.2722763947111524,0.02227639471115217,1.0,1.5,MISSING_IN_MATCHED_PROFILE,LARGE_GAP,0.25,ASSUMPTION_SENSITIVE,absolute RON/ROFF unavailable; normalized from ratio; fixed physical state count not reported; accelerator mapping is idealized
53,1,45.4,DISCRETE_MULTILEVEL,8,256,4,8,95.85942022232322,2560.0,TaOx_01,10.1038/s41598-017-18329-3,TaOx,2909.09,DISCRETE_MULTILEVEL,1,7,absolute,DERIVED_DEVICE_STATE_CAP,1.903023843558728,1.80670130458753,0.0,0.19264507794239583,AVAILABLE,LARGE_GAP,1.0,LITERATURE_CONSTRAINED,none
53,2,45.4,DISCRETE_MULTILEVEL,8,256,4,8,95.85942022232322,2560.0,HfOx_01,10.1109/TNANO.2024.3485213,HfOx,45.4,GRADUAL_MULTILEVEL,0,0,absolute,IDEALIZED_GRADUAL_MAPPING,2.25,0.0,1.0,1.5,MISSING_IN_MATCHED_PROFILE,LARGE_GAP,0.5,ASSUMPTION_SENSITIVE,fixed physical state count not reported; accelerator mapping is idealized
53,3,45.4,DISCRETE_MULTILEVEL,8,256,4,8,95.85942022232322,2560.0,TiOx_04,10.1007/s42835-019-00107-y,TiOx,76.0,GRADUAL_MULTILEVEL,0,0,normalized_from_ratio,IDEALIZED_GRADUAL_MAPPING,2.4737577394236876,0.2237577394236876,1.0,1.5,MISSING_IN_MATCHED_PROFILE,LARGE_GAP,0.25,ASSUMPTION_SENSITIVE,absolute RON/ROFF unavailable; normalized from ratio; fixed physical state count not reported; accelerator mapping is idealized
54,1,41.92543,DISCRETE_MULTILEVEL,8,256,4,8,95.85942022232322,2560.0,TaOx_01,10.1038/s41598-017-18329-3,TaOx,2909.09,DISCRETE_MULTILEVEL,1,7,absolute,DERIVED_DEVICE_STATE_CAP,1.9376021708581725,1.8412796318869746,0.0,0.19264507794239583,AVAILABLE,LARGE_GAP,1.0,LITERATURE_CONSTRAINED,none
54,2,41.92543,DISCRETE_MULTILEVEL,8,256,4,8,95.85942022232322,2560.0,HfOx_01,10.1109/TNANO.2024.3485213,HfOx,45.4,GRADUAL_MULTILEVEL,0,0,absolute,IDEALIZED_GRADUAL_MAPPING,2.2845783272994447,0.034578327299444656,1.0,1.5,MISSING_IN_MATCHED_PROFILE,LARGE_GAP,0.5,ASSUMPTION_SENSITIVE,fixed physical state count not reported; accelerator mapping is idealized
54,3,41.92543,DISCRETE_MULTILEVEL,8,256,4,8,95.85942022232322,2560.0,TiOx_04,10.1007/s42835-019-00107-y,TiOx,76.0,GRADUAL_MULTILEVEL,0,0,normalized_from_ratio,IDEALIZED_GRADUAL_MAPPING,2.5083360667231323,0.25833606672313225,1.0,1.5,MISSING_IN_MATCHED_PROFILE,LARGE_GAP,0.25,ASSUMPTION_SENSITIVE,absolute RON/ROFF unavailable; normalized from ratio; fixed physical state count not reported; accelerator mapping is idealized
55,1,22.879029,DISCRETE_MULTILEVEL,8,256,4,8,95.85942022232322,2560.0,TaOx_01,10.1038/s41598-017-18329-3,TaOx,2909.09,DISCRETE_MULTILEVEL,1,7,absolute,DERIVED_DEVICE_STATE_CAP,2.200642107627468,2.10431956865627,0.0,0.19264507794239583,AVAILABLE,LARGE_GAP,1.0,LITERATURE_CONSTRAINED,none
55,2,22.879029,DISCRETE_MULTILEVEL,8,256,4,8,95.85942022232322,2560.0,HfOx_01,10.1109/TNANO.2024.3485213,HfOx,45.4,GRADUAL_MULTILEVEL,0,0,absolute,IDEALIZED_GRADUAL_MAPPING,2.54761826406874,0.2976182640687399,1.0,1.5,MISSING_IN_MATCHED_PROFILE,LARGE_GAP,0.5,ASSUMPTION_SENSITIVE,fixed physical state count not reported; accelerator mapping is idealized
55,3,22.879029,DISCRETE_MULTILEVEL,8,256,4,8,95.85942022232322,2560.0,TiOx_04,10.1007/s42835-019-00107-y,TiOx,76.0,GRADUAL_MULTILEVEL,0,0,normalized_from_ratio,IDEALIZED_GRADUAL_MAPPING,2.7713760034924277,0.5213760034924275,1.0,1.5,MISSING_IN_MATCHED_PROFILE,LARGE_GAP,0.25,ASSUMPTION_SENSITIVE,absolute RON/ROFF unavailable; normalized from ratio; fixed physical state count not reported; accelerator mapping is idealized
56,1,12.485261,DISCRETE_MULTILEVEL,8,256,4,8,95.86325076994228,2560.0,TaOx_01,10.1038/s41598-017-18329-3,TaOx,2909.09,DISCRETE_MULTILEVEL,1,7,absolute,DERIVED_DEVICE_STATE_CAP,2.463682070859824,2.367359531888626,0.0,0.19264507794239583,AVAILABLE,LARGE_GAP,1.0,LITERATURE_CONSTRAINED,none
56,2,12.485261,DISCRETE_MULTILEVEL,8,256,4,8,95.86325076994228,2560.0,HfOx_02,10.1088/2634-4386/ac7327,HfOx,5.0,ANALOG,0,0,normalized_from_ratio,IDEALIZED_ANALOG_MAPPING,2.647427621219989,0.3974276212199891,1.0,1.5,MISSING_IN_MATCHED_PROFILE,LARGE_GAP,0.25,ASSUMPTION_SENSITIVE,absolute RON/ROFF unavailable; normalized from ratio; fixed physical state count not reported; accelerator mapping is idealized
56,3,12.485261,DISCRETE_MULTILEVEL,8,256,4,8,95.86325076994228,2560.0,HfOx_01,10.1109/TNANO.2024.3485213,HfOx,45.4,GRADUAL_MULTILEVEL,0,0,absolute,IDEALIZED_GRADUAL_MAPPING,2.8106582273010963,0.560658227301096,1.0,1.5,MISSING_IN_MATCHED_PROFILE,LARGE_GAP,0.5,ASSUMPTION_SENSITIVE,fixed physical state count not reported; accelerator mapping is idealized
57,1,6.813303,DISCRETE_MULTILEVEL,8,256,4,8,95.86231048422798,2560.0,HfOx_02,10.1088/2634-4386/ac7327,HfOx,5.0,ANALOG,0,0,normalized_from_ratio,IDEALIZED_ANALOG_MAPPING,2.3843876988998596,0.13438769889985946,1.0,1.5,MISSING_IN_MATCHED_PROFILE,LARGE_GAP,0.25,ASSUMPTION_SENSITIVE,absolute RON/ROFF unavailable; normalized from ratio; fixed physical state count not reported; accelerator mapping is idealized
57,2,6.813303,DISCRETE_MULTILEVEL,8,256,4,8,95.86231048422798,2560.0,TaOx_01,10.1038/s41598-017-18329-3,TaOx,2909.09,DISCRETE_MULTILEVEL,1,7,absolute,DERIVED_DEVICE_STATE_CAP,2.726721993179954,2.6303994542087556,0.0,0.19264507794239583,AVAILABLE,LARGE_GAP,1.0,LITERATURE_CONSTRAINED,none
57,3,6.813303,DISCRETE_MULTILEVEL,8,256,4,8,95.86231048422798,2560.0,TiOx_02_Pt,10.1038/s41598-019-44607-3,TiOx,2.128684,GRADUAL_MULTILEVEL,0,0,absolute,IDEALIZED_GRADUAL_MAPPING,2.7552465073880192,0.5052465073880192,1.0,1.5,MISSING_IN_MATCHED_PROFILE,LARGE_GAP,0.5,ASSUMPTION_SENSITIVE,fixed physical state count not reported; accelerator mapping is idealized
58,1,5.0,DISCRETE_MULTILEVEL,8,256,4,8,95.86231048422798,2560.0,HfOx_02,10.1088/2634-4386/ac7327,HfOx,5.0,ANALOG,0,0,normalized_from_ratio,IDEALIZED_ANALOG_MAPPING,2.25,0.0,1.0,1.5,MISSING_IN_MATCHED_PROFILE,LARGE_GAP,0.25,ASSUMPTION_SENSITIVE,absolute RON/ROFF unavailable; normalized from ratio; fixed physical state count not reported; accelerator mapping is idealized
58,2,5.0,DISCRETE_MULTILEVEL,8,256,4,8,95.86231048422798,2560.0,TiOx_02_Pt,10.1038/s41598-019-44607-3,TiOx,2.128684,GRADUAL_MULTILEVEL,0,0,absolute,IDEALIZED_GRADUAL_MAPPING,2.6208588084881597,0.3708588084881598,1.0,1.5,MISSING_IN_MATCHED_PROFILE,LARGE_GAP,0.5,ASSUMPTION_SENSITIVE,fixed physical state count not reported; accelerator mapping is idealized
58,3,5.0,DISCRETE_MULTILEVEL,8,256,4,8,95.86231048422798,2560.0,HfZrOx_01,10.1002/pssr.202000524,HfZrOx,2.0,ANALOG,0,0,normalized_from_ratio,IDEALIZED_ANALOG_MAPPING,2.6479400086720375,0.39794000867203766,1.0,1.5,MISSING_IN_MATCHED_PROFILE,LARGE_GAP,0.25,ASSUMPTION_SENSITIVE,absolute RON/ROFF unavailable; normalized from ratio; fixed physical state count not reported; accelerator mapping is idealized
59,1,3.718072,DISCRETE_MULTILEVEL,8,256,4,8,95.86231048422798,2560.0,HfOx_02,10.1088/2634-4386/ac7327,HfOx,5.0,ANALOG,0,0,normalized_from_ratio,IDEALIZED_ANALOG_MAPPING,2.378652208760297,0.12865220876029704,1.0,1.5,MISSING_IN_MATCHED_PROFILE,LARGE_GAP,0.25,ASSUMPTION_SENSITIVE,absolute RON/ROFF unavailable; normalized from ratio; fixed physical state count not reported; accelerator mapping is idealized
59,2,3.718072,DISCRETE_MULTILEVEL,8,256,4,8,95.86231048422798,2560.0,TiOx_02_Pt,10.1038/s41598-019-44607-3,TiOx,2.128684,GRADUAL_MULTILEVEL,0,0,absolute,IDEALIZED_GRADUAL_MAPPING,2.492206599727863,0.24220659972786274,1.0,1.5,MISSING_IN_MATCHED_PROFILE,LARGE_GAP,0.5,ASSUMPTION_SENSITIVE,fixed physical state count not reported; accelerator mapping is idealized
59,3,3.718072,DISCRETE_MULTILEVEL,8,256,4,8,95.86231048422798,2560.0,HfZrOx_01,10.1002/pssr.202000524,HfZrOx,2.0,ANALOG,0,0,normalized_from_ratio,IDEALIZED_ANALOG_MAPPING,2.5192877999117407,0.2692877999117406,1.0,1.5,MISSING_IN_MATCHED_PROFILE,LARGE_GAP,0.25,ASSUMPTION_SENSITIVE,absolute RON/ROFF unavailable; normalized from ratio; fixed physical state count not reported; accelerator mapping is idealized
60,1,2.128684,DISCRETE_MULTILEVEL,8,256,4,8,95.8512721032756,2560.0,TiOx_02_Pt,10.1038/s41598-019-44607-3,TiOx,2.128684,GRADUAL_MULTILEVEL,0,0,absolute,IDEALIZED_GRADUAL_MAPPING,2.25,0.0,1.0,1.5,MISSING_IN_MATCHED_PROFILE,LARGE_GAP,0.5,ASSUMPTION_SENSITIVE,fixed physical state count not reported; accelerator mapping is idealized
60,2,2.128684,DISCRETE_MULTILEVEL,8,256,4,8,95.8512721032756,2560.0,HfZrOx_01,10.1002/pssr.202000524,HfZrOx,2.0,ANALOG,0,0,normalized_from_ratio,IDEALIZED_ANALOG_MAPPING,2.277081200183878,0.027081200183877885,1.0,1.5,MISSING_IN_MATCHED_PROFILE,LARGE_GAP,0.25,ASSUMPTION_SENSITIVE,absolute RON/ROFF unavailable; normalized from ratio; fixed physical state count not reported; accelerator mapping is idealized
60,3,2.128684,DISCRETE_MULTILEVEL,8,256,4,8,95.8512721032756,2560.0,TiOx_02_Au,10.1038/s41598-019-44607-3,TiOx,1.705978,GRADUAL_MULTILEVEL,0,0,absolute,IDEALIZED_GRADUAL_MAPPING,2.3461377695674734,0.09613776956747339,1.0,1.5,MISSING_IN_MATCHED_PROFILE,LARGE_GAP,0.5,ASSUMPTION_SENSITIVE,fixed physical state count not reported; accelerator mapping is idealized
61,1,2.02898,DISCRETE_MULTILEVEL,8,256,4,8,95.83836893660892,2560.0,HfZrOx_01,10.1002/pssr.202000524,HfZrOx,2.0,ANALOG,0,0,normalized_from_ratio,IDEALIZED_ANALOG_MAPPING,2.2562477704760937,0.00624777047609365,1.0,1.5,MISSING_IN_MATCHED_PROFILE,LARGE_GAP,0.25,ASSUMPTION_SENSITIVE,absolute RON/ROFF unavailable; normalized from ratio; fixed physical state count not reported; accelerator mapping is idealized
61,2,2.02898,DISCRETE_MULTILEVEL,8,256,4,8,95.83836893660892,2560.0,TiOx_02_Pt,10.1038/s41598-019-44607-3,TiOx,2.128684,GRADUAL_MULTILEVEL,0,0,absolute,IDEALIZED_GRADUAL_MAPPING,2.270833429707784,0.020833429707784235,1.0,1.5,MISSING_IN_MATCHED_PROFILE,LARGE_GAP,0.5,ASSUMPTION_SENSITIVE,fixed physical state count not reported; accelerator mapping is idealized
61,3,2.02898,DISCRETE_MULTILEVEL,8,256,4,8,95.83836893660892,2560.0,TiOx_02_Au,10.1038/s41598-019-44607-3,TiOx,1.705978,GRADUAL_MULTILEVEL,0,0,absolute,IDEALIZED_GRADUAL_MAPPING,2.325304339859689,0.07530433985968915,1.0,1.5,MISSING_IN_MATCHED_PROFILE,LARGE_GAP,0.5,ASSUMPTION_SENSITIVE,fixed physical state count not reported; accelerator mapping is idealized
62,1,2.0,DISCRETE_MULTILEVEL,8,256,4,8,95.83836893660892,2560.0,HfZrOx_01,10.1002/pssr.202000524,HfZrOx,2.0,ANALOG,0,0,normalized_from_ratio,IDEALIZED_ANALOG_MAPPING,2.25,0.0,1.0,1.5,MISSING_IN_MATCHED_PROFILE,LARGE_GAP,0.25,ASSUMPTION_SENSITIVE,absolute RON/ROFF unavailable; normalized from ratio; fixed physical state count not reported; accelerator mapping is idealized
62,2,2.0,DISCRETE_MULTILEVEL,8,256,4,8,95.83836893660892,2560.0,TiOx_02_Pt,10.1038/s41598-019-44607-3,TiOx,2.128684,GRADUAL_MULTILEVEL,0,0,absolute,IDEALIZED_GRADUAL_MAPPING,2.277081200183878,0.027081200183877885,1.0,1.5,MISSING_IN_MATCHED_PROFILE,LARGE_GAP,0.5,ASSUMPTION_SENSITIVE,fixed physical state count not reported; accelerator mapping is idealized
62,3,2.0,DISCRETE_MULTILEVEL,8,256,4,8,95.83836893660892,2560.0,TiOx_02_Au,10.1038/s41598-019-44607-3,TiOx,1.705978,GRADUAL_MULTILEVEL,0,0,absolute,IDEALIZED_GRADUAL_MAPPING,2.3190565693835956,0.0690565693835955,1.0,1.5,MISSING_IN_MATCHED_PROFILE,LARGE_GAP,0.5,ASSUMPTION_SENSITIVE,fixed physical state count not reported; accelerator mapping is idealized
63,1,1.705978,DISCRETE_MULTILEVEL,8,256,4,8,95.81244152751805,2560.0,TiOx_02_Au,10.1038/s41598-019-44607-3,TiOx,1.705978,GRADUAL_MULTILEVEL,0,0,absolute,IDEALIZED_GRADUAL_MAPPING,2.25,8.326672684688674e-17,1.0,1.5,MISSING_IN_MATCHED_PROFILE,LARGE_GAP,0.5,ASSUMPTION_SENSITIVE,fixed physical state count not reported; accelerator mapping is idealized
63,2,1.705978,DISCRETE_MULTILEVEL,8,256,4,8,95.81244152751805,2560.0,HfZrOx_01,10.1002/pssr.202000524,HfZrOx,2.0,ANALOG,0,0,normalized_from_ratio,IDEALIZED_ANALOG_MAPPING,2.319056569383595,0.06905656938359542,1.0,1.5,MISSING_IN_MATCHED_PROFILE,LARGE_GAP,0.25,ASSUMPTION_SENSITIVE,absolute RON/ROFF unavailable; normalized from ratio; fixed physical state count not reported; accelerator mapping is idealized
63,3,1.705978,DISCRETE_MULTILEVEL,8,256,4,8,95.81244152751805,2560.0,TiOx_02_Pt,10.1038/s41598-019-44607-3,TiOx,2.128684,GRADUAL_MULTILEVEL,0,0,absolute,IDEALIZED_GRADUAL_MAPPING,2.3461377695674734,0.0961377695674733,1.0,1.5,MISSING_IN_MATCHED_PROFILE,LARGE_GAP,0.5,ASSUMPTION_SENSITIVE,fixed physical state count not reported; accelerator mapping is idealized
64,1,2909.09,DISCRETE_MULTILEVEL,16,256,7,8,95.93922359443002,2560.0,TaOx_01,10.1038/s41598-017-18329-3,TaOx,2909.09,DISCRETE_MULTILEVEL,1,7,absolute,DERIVED_DEVICE_STATE_CAP,0.5963225389711979,0.0,0.0,1.1926450779423958,AVAILABLE,MODERATE_GAP,1.0,LITERATURE_CONSTRAINED,none
64,2,2909.09,DISCRETE_MULTILEVEL,16,256,7,8,95.93922359443002,2560.0,ZnO_01,10.3390/electronics7120445,ZnO,1000.0,DISCRETE_BINARY,1,2,normalized_from_ratio,BIT_SLICED_BINARY_MAPPING,3.463757157444634,0.46375715744463397,1.0,3.0,AVAILABLE,LARGE_GAP,0.75,ASSUMPTION_SENSITIVE,absolute RON/ROFF unavailable; normalized from ratio
64,3,2909.09,DISCRETE_MULTILEVEL,16,256,7,8,95.93922359443002,2560.0,TiOx_03,10.1016/j.spmi.2017.10.031,TiOx,80.0,ANALOG,0,0,normalized_from_ratio,IDEALIZED_ANALOG_MAPPING,3.8106671704526907,1.5606671704526904,1.0,1.5,MISSING_IN_MATCHED_PROFILE,LARGE_GAP,0.25,ASSUMPTION_SENSITIVE,absolute RON/ROFF unavailable; normalized from ratio; fixed physical state count not reported; accelerator mapping is idealized
65,1,1587.512707,DISCRETE_MULTILEVEL,16,256,7,8,95.93922359443002,2560.0,TaOx_01,10.1038/s41598-017-18329-3,TaOx,2909.09,DISCRETE_MULTILEVEL,1,7,absolute,DERIVED_DEVICE_STATE_CAP,0.8593624861948765,0.2630399472236786,0.0,1.1926450779423958,AVAILABLE,MODERATE_GAP,1.0,LITERATURE_CONSTRAINED,none
65,2,1587.512707,DISCRETE_MULTILEVEL,16,256,7,8,95.93922359443002,2560.0,ZnO_01,10.3390/electronics7120445,ZnO,1000.0,DISCRETE_BINARY,1,2,normalized_from_ratio,BIT_SLICED_BINARY_MAPPING,3.2007172102209553,0.20071721022095534,1.0,3.0,AVAILABLE,LARGE_GAP,0.75,ASSUMPTION_SENSITIVE,absolute RON/ROFF unavailable; normalized from ratio
65,3,1587.512707,DISCRETE_MULTILEVEL,16,256,7,8,95.93922359443002,2560.0,TiOx_03,10.1016/j.spmi.2017.10.031,TiOx,80.0,ANALOG,0,0,normalized_from_ratio,IDEALIZED_ANALOG_MAPPING,3.5476272232290116,1.2976272232290118,1.0,1.5,MISSING_IN_MATCHED_PROFILE,LARGE_GAP,0.25,ASSUMPTION_SENSITIVE,absolute RON/ROFF unavailable; normalized from ratio; fixed physical state count not reported; accelerator mapping is idealized
66,1,1000.0,DISCRETE_MULTILEVEL,16,256,7,8,95.93922359443002,2560.0,TaOx_01,10.1038/s41598-017-18329-3,TaOx,2909.09,DISCRETE_MULTILEVEL,1,7,absolute,DERIVED_DEVICE_STATE_CAP,1.0600796964158319,0.46375715744463397,0.0,1.1926450779423958,AVAILABLE,LARGE_GAP,1.0,LITERATURE_CONSTRAINED,none
66,2,1000.0,DISCRETE_MULTILEVEL,16,256,7,8,95.93922359443002,2560.0,ZnO_01,10.3390/electronics7120445,ZnO,1000.0,DISCRETE_BINARY,1,2,normalized_from_ratio,BIT_SLICED_BINARY_MAPPING,3.0,0.0,1.0,3.0,AVAILABLE,LARGE_GAP,0.75,ASSUMPTION_SENSITIVE,absolute RON/ROFF unavailable; normalized from ratio
66,3,1000.0,DISCRETE_MULTILEVEL,16,256,7,8,95.93922359443002,2560.0,TiOx_03,10.1016/j.spmi.2017.10.031,TiOx,80.0,ANALOG,0,0,normalized_from_ratio,IDEALIZED_ANALOG_MAPPING,3.3469100130080562,1.0969100130080565,1.0,1.5,MISSING_IN_MATCHED_PROFILE,LARGE_GAP,0.25,ASSUMPTION_SENSITIVE,absolute RON/ROFF unavailable; normalized from ratio; fixed physical state count not reported; accelerator mapping is idealized
67,1,866.31785,DISCRETE_MULTILEVEL,16,256,7,8,95.93922359443002,2560.0,TaOx_01,10.1038/s41598-017-18329-3,TaOx,2909.09,DISCRETE_MULTILEVEL,1,7,absolute,DERIVED_DEVICE_STATE_CAP,1.1224024335271154,0.5260798945559175,0.0,1.1926450779423958,AVAILABLE,LARGE_GAP,1.0,LITERATURE_CONSTRAINED,none
67,2,866.31785,DISCRETE_MULTILEVEL,16,256,7,8,95.93922359443002,2560.0,ZnO_01,10.3390/electronics7120445,ZnO,1000.0,DISCRETE_BINARY,1,2,normalized_from_ratio,BIT_SLICED_BINARY_MAPPING,3.0623227371112836,0.062322737111283555,1.0,3.0,AVAILABLE,LARGE_GAP,0.75,ASSUMPTION_SENSITIVE,absolute RON/ROFF unavailable; normalized from ratio
67,3,866.31785,DISCRETE_MULTILEVEL,16,256,7,8,95.93922359443002,2560.0,TiOx_03,10.1016/j.spmi.2017.10.031,TiOx,80.0,ANALOG,0,0,normalized_from_ratio,IDEALIZED_ANALOG_MAPPING,3.284587275896773,1.034587275896773,1.0,1.5,MISSING_IN_MATCHED_PROFILE,LARGE_GAP,0.25,ASSUMPTION_SENSITIVE,absolute RON/ROFF unavailable; normalized from ratio; fixed physical state count not reported; accelerator mapping is idealized
68,1,472.75629,DISCRETE_MULTILEVEL,16,256,7,8,95.93922359443002,2560.0,TaOx_01,10.1038/s41598-017-18329-3,TaOx,2909.09,DISCRETE_MULTILEVEL,1,7,absolute,DERIVED_DEVICE_STATE_CAP,1.3854423805928457,0.7891198416216478,0.0,1.1926450779423958,AVAILABLE,LARGE_GAP,1.0,LITERATURE_CONSTRAINED,none
68,2,472.75629,DISCRETE_MULTILEVEL,16,256,7,8,95.93922359443002,2560.0,TiOx_03,10.1016/j.spmi.2017.10.031,TiOx,80.0,ANALOG,0,0,normalized_from_ratio,IDEALIZED_ANALOG_MAPPING,3.0215473288310424,0.7715473288310426,1.0,1.5,MISSING_IN_MATCHED_PROFILE,LARGE_GAP,0.25,ASSUMPTION_SENSITIVE,absolute RON/ROFF unavailable; normalized from ratio; fixed physical state count not reported; accelerator mapping is idealized
68,3,472.75629,DISCRETE_MULTILEVEL,16,256,7,8,95.93922359443002,2560.0,TiOx_04,10.1007/s42835-019-00107-y,TiOx,76.0,GRADUAL_MULTILEVEL,0,0,normalized_from_ratio,IDEALIZED_GRADUAL_MAPPING,3.0438237235421948,0.7938237235421945,1.0,1.5,MISSING_IN_MATCHED_PROFILE,LARGE_GAP,0.25,ASSUMPTION_SENSITIVE,absolute RON/ROFF unavailable; normalized from ratio; fixed physical state count not reported; accelerator mapping is idealized
69,1,257.986731,DISCRETE_MULTILEVEL,16,256,7,8,95.93820854681096,2560.0,TaOx_01,10.1038/s41598-017-18329-3,TaOx,2909.09,DISCRETE_MULTILEVEL,1,7,absolute,DERIVED_DEVICE_STATE_CAP,1.6484823268931936,1.0521597879219957,0.0,1.1926450779423958,AVAILABLE,LARGE_GAP,1.0,LITERATURE_CONSTRAINED,none
69,2,257.986731,DISCRETE_MULTILEVEL,16,256,7,8,95.93820854681096,2560.0,TiOx_03,10.1016/j.spmi.2017.10.031,TiOx,80.0,ANALOG,0,0,normalized_from_ratio,IDEALIZED_ANALOG_MAPPING,2.758507382530695,0.5085073825306947,1.0,1.5,MISSING_IN_MATCHED_PROFILE,LARGE_GAP,0.25,ASSUMPTION_SENSITIVE,absolute RON/ROFF unavailable; normalized from ratio; fixed physical state count not reported; accelerator mapping is idealized
69,3,257.986731,DISCRETE_MULTILEVEL,16,256,7,8,95.93820854681096,2560.0,TiOx_04,10.1007/s42835-019-00107-y,TiOx,76.0,GRADUAL_MULTILEVEL,0,0,normalized_from_ratio,IDEALIZED_GRADUAL_MAPPING,2.7807837772418464,0.5307837772418467,1.0,1.5,MISSING_IN_MATCHED_PROFILE,LARGE_GAP,0.25,ASSUMPTION_SENSITIVE,absolute RON/ROFF unavailable; normalized from ratio; fixed physical state count not reported; accelerator mapping is idealized
70,1,140.785336,DISCRETE_MULTILEVEL,16,256,7,8,95.93820854681096,2560.0,TaOx_01,10.1038/s41598-017-18329-3,TaOx,2909.09,DISCRETE_MULTILEVEL,1,7,absolute,DERIVED_DEVICE_STATE_CAP,1.9115222747485008,1.3151997357773029,0.0,1.1926450779423958,AVAILABLE,LARGE_GAP,1.0,LITERATURE_CONSTRAINED,none
70,2,140.785336,DISCRETE_MULTILEVEL,16,256,7,8,95.93820854681096,2560.0,TiOx_03,10.1016/j.spmi.2017.10.031,TiOx,80.0,ANALOG,0,0,normalized_from_ratio,IDEALIZED_ANALOG_MAPPING,2.495467434675388,0.24546743467538756,1.0,1.5,MISSING_IN_MATCHED_PROFILE,LARGE_GAP,0.25,ASSUMPTION_SENSITIVE,absolute RON/ROFF unavailable; normalized from ratio; fixed physical state count not reported; accelerator mapping is idealized
70,3,140.785336,DISCRETE_MULTILEVEL,16,256,7,8,95.93820854681096,2560.0,TiOx_04,10.1007/s42835-019-00107-y,TiOx,76.0,GRADUAL_MULTILEVEL,0,0,normalized_from_ratio,IDEALIZED_GRADUAL_MAPPING,2.5177438293865393,0.2677438293865395,1.0,1.5,MISSING_IN_MATCHED_PROFILE,LARGE_GAP,0.25,ASSUMPTION_SENSITIVE,absolute RON/ROFF unavailable; normalized from ratio; fixed physical state count not reported; accelerator mapping is idealized
71,1,80.0,DISCRETE_MULTILEVEL,16,256,7,8,95.93820854681096,2560.0,TaOx_01,10.1038/s41598-017-18329-3,TaOx,2909.09,DISCRETE_MULTILEVEL,1,7,absolute,DERIVED_DEVICE_STATE_CAP,2.1569897094238883,1.5606671704526904,0.0,1.1926450779423958,AVAILABLE,LARGE_GAP,1.0,LITERATURE_CONSTRAINED,none
71,2,80.0,DISCRETE_MULTILEVEL,16,256,7,8,95.93820854681096,2560.0,TiOx_03,10.1016/j.spmi.2017.10.031,TiOx,80.0,ANALOG,0,0,normalized_from_ratio,IDEALIZED_ANALOG_MAPPING,2.25,0.0,1.0,1.5,MISSING_IN_MATCHED_PROFILE,LARGE_GAP,0.25,ASSUMPTION_SENSITIVE,absolute RON/ROFF unavailable; normalized from ratio; fixed physical state count not reported; accelerator mapping is idealized
71,3,80.0,DISCRETE_MULTILEVEL,16,256,7,8,95.93820854681096,2560.0,TiOx_04,10.1007/s42835-019-00107-y,TiOx,76.0,GRADUAL_MULTILEVEL,0,0,normalized_from_ratio,IDEALIZED_GRADUAL_MAPPING,2.272276394711152,0.022276394711151948,1.0,1.5,MISSING_IN_MATCHED_PROFILE,LARGE_GAP,0.25,ASSUMPTION_SENSITIVE,absolute RON/ROFF unavailable; normalized from ratio; fixed physical state count not reported; accelerator mapping is idealized
72,1,76.827637,DISCRETE_MULTILEVEL,16,256,7,8,95.93672130871572,2560.0,TaOx_01,10.1038/s41598-017-18329-3,TaOx,2909.09,DISCRETE_MULTILEVEL,1,7,absolute,DERIVED_DEVICE_STATE_CAP,2.174562220687621,1.5782396817164228,0.0,1.1926450779423958,AVAILABLE,LARGE_GAP,1.0,LITERATURE_CONSTRAINED,none
72,2,76.827637,DISCRETE_MULTILEVEL,16,256,7,8,95.93672130871572,2560.0,TiOx_04,10.1007/s42835-019-00107-y,TiOx,76.0,GRADUAL_MULTILEVEL,0,0,normalized_from_ratio,IDEALIZED_GRADUAL_MAPPING,2.2547038834474193,0.004703883447419566,1.0,1.5,MISSING_IN_MATCHED_PROFILE,LARGE_GAP,0.25,ASSUMPTION_SENSITIVE,absolute RON/ROFF unavailable; normalized from ratio; fixed physical state count not reported; accelerator mapping is idealized
72,3,76.827637,DISCRETE_MULTILEVEL,16,256,7,8,95.93672130871572,2560.0,TiOx_03,10.1016/j.spmi.2017.10.031,TiOx,80.0,ANALOG,0,0,normalized_from_ratio,IDEALIZED_ANALOG_MAPPING,2.267572511263732,0.017572511263732382,1.0,1.5,MISSING_IN_MATCHED_PROFILE,LARGE_GAP,0.25,ASSUMPTION_SENSITIVE,absolute RON/ROFF unavailable; normalized from ratio; fixed physical state count not reported; accelerator mapping is idealized
73,1,76.0,DISCRETE_MULTILEVEL,16,256,7,8,95.93672130871572,2560.0,TaOx_01,10.1038/s41598-017-18329-3,TaOx,2909.09,DISCRETE_MULTILEVEL,1,7,absolute,DERIVED_DEVICE_STATE_CAP,2.1792661041350403,1.5829435651638426,0.0,1.1926450779423958,AVAILABLE,LARGE_GAP,1.0,LITERATURE_CONSTRAINED,none
73,2,76.0,DISCRETE_MULTILEVEL,16,256,7,8,95.93672130871572,2560.0,TiOx_04,10.1007/s42835-019-00107-y,TiOx,76.0,GRADUAL_MULTILEVEL,0,0,normalized_from_ratio,IDEALIZED_GRADUAL_MAPPING,2.25,2.220446049250313e-16,1.0,1.5,MISSING_IN_MATCHED_PROFILE,LARGE_GAP,0.25,ASSUMPTION_SENSITIVE,absolute RON/ROFF unavailable; normalized from ratio; fixed physical state count not reported; accelerator mapping is idealized
73,3,76.0,DISCRETE_MULTILEVEL,16,256,7,8,95.93672130871572,2560.0,TiOx_03,10.1016/j.spmi.2017.10.031,TiOx,80.0,ANALOG,0,0,normalized_from_ratio,IDEALIZED_ANALOG_MAPPING,2.2722763947111524,0.02227639471115217,1.0,1.5,MISSING_IN_MATCHED_PROFILE,LARGE_GAP,0.25,ASSUMPTION_SENSITIVE,absolute RON/ROFF unavailable; normalized from ratio; fixed physical state count not reported; accelerator mapping is idealized
74,1,45.4,DISCRETE_MULTILEVEL,16,256,7,8,95.93498329284272,2560.0,HfOx_01,10.1109/TNANO.2024.3485213,HfOx,45.4,GRADUAL_MULTILEVEL,0,0,absolute,IDEALIZED_GRADUAL_MAPPING,2.25,0.0,1.0,1.5,MISSING_IN_MATCHED_PROFILE,LARGE_GAP,0.5,ASSUMPTION_SENSITIVE,fixed physical state count not reported; accelerator mapping is idealized
74,2,45.4,DISCRETE_MULTILEVEL,16,256,7,8,95.93498329284272,2560.0,TaOx_01,10.1038/s41598-017-18329-3,TaOx,2909.09,DISCRETE_MULTILEVEL,1,7,absolute,DERIVED_DEVICE_STATE_CAP,2.403023843558728,1.80670130458753,0.0,1.1926450779423958,AVAILABLE,LARGE_GAP,1.0,LITERATURE_CONSTRAINED,none
74,3,45.4,DISCRETE_MULTILEVEL,16,256,7,8,95.93498329284272,2560.0,TiOx_04,10.1007/s42835-019-00107-y,TiOx,76.0,GRADUAL_MULTILEVEL,0,0,normalized_from_ratio,IDEALIZED_GRADUAL_MAPPING,2.4737577394236876,0.2237577394236876,1.0,1.5,MISSING_IN_MATCHED_PROFILE,LARGE_GAP,0.25,ASSUMPTION_SENSITIVE,absolute RON/ROFF unavailable; normalized from ratio; fixed physical state count not reported; accelerator mapping is idealized
75,1,41.92543,DISCRETE_MULTILEVEL,16,256,7,8,95.93498329284272,2560.0,HfOx_01,10.1109/TNANO.2024.3485213,HfOx,45.4,GRADUAL_MULTILEVEL,0,0,absolute,IDEALIZED_GRADUAL_MAPPING,2.2845783272994447,0.034578327299444656,1.0,1.5,MISSING_IN_MATCHED_PROFILE,LARGE_GAP,0.5,ASSUMPTION_SENSITIVE,fixed physical state count not reported; accelerator mapping is idealized
75,2,41.92543,DISCRETE_MULTILEVEL,16,256,7,8,95.93498329284272,2560.0,TaOx_01,10.1038/s41598-017-18329-3,TaOx,2909.09,DISCRETE_MULTILEVEL,1,7,absolute,DERIVED_DEVICE_STATE_CAP,2.4376021708581725,1.8412796318869746,0.0,1.1926450779423958,AVAILABLE,LARGE_GAP,1.0,LITERATURE_CONSTRAINED,none
75,3,41.92543,DISCRETE_MULTILEVEL,16,256,7,8,95.93498329284272,2560.0,TiOx_04,10.1007/s42835-019-00107-y,TiOx,76.0,GRADUAL_MULTILEVEL,0,0,normalized_from_ratio,IDEALIZED_GRADUAL_MAPPING,2.5083360667231323,0.25833606672313225,1.0,1.5,MISSING_IN_MATCHED_PROFILE,LARGE_GAP,0.25,ASSUMPTION_SENSITIVE,absolute RON/ROFF unavailable; normalized from ratio; fixed physical state count not reported; accelerator mapping is idealized
76,1,22.879029,DISCRETE_MULTILEVEL,16,256,7,8,95.93498329284272,2560.0,HfOx_01,10.1109/TNANO.2024.3485213,HfOx,45.4,GRADUAL_MULTILEVEL,0,0,absolute,IDEALIZED_GRADUAL_MAPPING,2.54761826406874,0.2976182640687399,1.0,1.5,MISSING_IN_MATCHED_PROFILE,LARGE_GAP,0.5,ASSUMPTION_SENSITIVE,fixed physical state count not reported; accelerator mapping is idealized
76,2,22.879029,DISCRETE_MULTILEVEL,16,256,7,8,95.93498329284272,2560.0,TaOx_01,10.1038/s41598-017-18329-3,TaOx,2909.09,DISCRETE_MULTILEVEL,1,7,absolute,DERIVED_DEVICE_STATE_CAP,2.700642107627468,2.10431956865627,0.0,1.1926450779423958,AVAILABLE,LARGE_GAP,1.0,LITERATURE_CONSTRAINED,none
76,3,22.879029,DISCRETE_MULTILEVEL,16,256,7,8,95.93498329284272,2560.0,TiOx_04,10.1007/s42835-019-00107-y,TiOx,76.0,GRADUAL_MULTILEVEL,0,0,normalized_from_ratio,IDEALIZED_GRADUAL_MAPPING,2.7713760034924277,0.5213760034924275,1.0,1.5,MISSING_IN_MATCHED_PROFILE,LARGE_GAP,0.25,ASSUMPTION_SENSITIVE,absolute RON/ROFF unavailable; normalized from ratio; fixed physical state count not reported; accelerator mapping is idealized
77,1,12.485261,DISCRETE_MULTILEVEL,16,256,7,8,95.93206005474748,2560.0,HfOx_02,10.1088/2634-4386/ac7327,HfOx,5.0,ANALOG,0,0,normalized_from_ratio,IDEALIZED_ANALOG_MAPPING,2.647427621219989,0.3974276212199891,1.0,1.5,MISSING_IN_MATCHED_PROFILE,LARGE_GAP,0.25,ASSUMPTION_SENSITIVE,absolute RON/ROFF unavailable; normalized from ratio; fixed physical state count not reported; accelerator mapping is idealized
77,2,12.485261,DISCRETE_MULTILEVEL,16,256,7,8,95.93206005474748,2560.0,HfOx_01,10.1109/TNANO.2024.3485213,HfOx,45.4,GRADUAL_MULTILEVEL,0,0,absolute,IDEALIZED_GRADUAL_MAPPING,2.8106582273010963,0.560658227301096,1.0,1.5,MISSING_IN_MATCHED_PROFILE,LARGE_GAP,0.5,ASSUMPTION_SENSITIVE,fixed physical state count not reported; accelerator mapping is idealized
77,3,12.485261,DISCRETE_MULTILEVEL,16,256,7,8,95.93206005474748,2560.0,TaOx_01,10.1038/s41598-017-18329-3,TaOx,2909.09,DISCRETE_MULTILEVEL,1,7,absolute,DERIVED_DEVICE_STATE_CAP,2.963682070859824,2.367359531888626,0.0,1.1926450779423958,AVAILABLE,LARGE_GAP,1.0,LITERATURE_CONSTRAINED,none
78,1,6.813303,DISCRETE_MULTILEVEL,16,256,7,8,95.93129129284272,2560.0,HfOx_02,10.1088/2634-4386/ac7327,HfOx,5.0,ANALOG,0,0,normalized_from_ratio,IDEALIZED_ANALOG_MAPPING,2.3843876988998596,0.13438769889985946,1.0,1.5,MISSING_IN_MATCHED_PROFILE,LARGE_GAP,0.25,ASSUMPTION_SENSITIVE,absolute RON/ROFF unavailable; normalized from ratio; fixed physical state count not reported; accelerator mapping is idealized
78,2,6.813303,DISCRETE_MULTILEVEL,16,256,7,8,95.93129129284272,2560.0,TiOx_02_Pt,10.1038/s41598-019-44607-3,TiOx,2.128684,GRADUAL_MULTILEVEL,0,0,absolute,IDEALIZED_GRADUAL_MAPPING,2.7552465073880192,0.5052465073880192,1.0,1.5,MISSING_IN_MATCHED_PROFILE,LARGE_GAP,0.5,ASSUMPTION_SENSITIVE,fixed physical state count not reported; accelerator mapping is idealized
78,3,6.813303,DISCRETE_MULTILEVEL,16,256,7,8,95.93129129284272,2560.0,HfZrOx_01,10.1002/pssr.202000524,HfZrOx,2.0,ANALOG,0,0,normalized_from_ratio,IDEALIZED_ANALOG_MAPPING,2.782327707571897,0.5323277075718971,1.0,1.5,MISSING_IN_MATCHED_PROFILE,LARGE_GAP,0.25,ASSUMPTION_SENSITIVE,absolute RON/ROFF unavailable; normalized from ratio; fixed physical state count not reported; accelerator mapping is idealized
79,1,5.0,DISCRETE_MULTILEVEL,16,256,7,8,95.93129129284272,2560.0,HfOx_02,10.1088/2634-4386/ac7327,HfOx,5.0,ANALOG,0,0,normalized_from_ratio,IDEALIZED_ANALOG_MAPPING,2.25,0.0,1.0,1.5,MISSING_IN_MATCHED_PROFILE,LARGE_GAP,0.25,ASSUMPTION_SENSITIVE,absolute RON/ROFF unavailable; normalized from ratio; fixed physical state count not reported; accelerator mapping is idealized
79,2,5.0,DISCRETE_MULTILEVEL,16,256,7,8,95.93129129284272,2560.0,TiOx_02_Pt,10.1038/s41598-019-44607-3,TiOx,2.128684,GRADUAL_MULTILEVEL,0,0,absolute,IDEALIZED_GRADUAL_MAPPING,2.6208588084881597,0.3708588084881598,1.0,1.5,MISSING_IN_MATCHED_PROFILE,LARGE_GAP,0.5,ASSUMPTION_SENSITIVE,fixed physical state count not reported; accelerator mapping is idealized
79,3,5.0,DISCRETE_MULTILEVEL,16,256,7,8,95.93129129284272,2560.0,HfZrOx_01,10.1002/pssr.202000524,HfZrOx,2.0,ANALOG,0,0,normalized_from_ratio,IDEALIZED_ANALOG_MAPPING,2.6479400086720375,0.39794000867203766,1.0,1.5,MISSING_IN_MATCHED_PROFILE,LARGE_GAP,0.25,ASSUMPTION_SENSITIVE,absolute RON/ROFF unavailable; normalized from ratio; fixed physical state count not reported; accelerator mapping is idealized
80,1,3.718072,DISCRETE_MULTILEVEL,16,256,7,8,95.93129129284272,2560.0,HfOx_02,10.1088/2634-4386/ac7327,HfOx,5.0,ANALOG,0,0,normalized_from_ratio,IDEALIZED_ANALOG_MAPPING,2.378652208760297,0.12865220876029704,1.0,1.5,MISSING_IN_MATCHED_PROFILE,LARGE_GAP,0.25,ASSUMPTION_SENSITIVE,absolute RON/ROFF unavailable; normalized from ratio; fixed physical state count not reported; accelerator mapping is idealized
80,2,3.718072,DISCRETE_MULTILEVEL,16,256,7,8,95.93129129284272,2560.0,TiOx_02_Pt,10.1038/s41598-019-44607-3,TiOx,2.128684,GRADUAL_MULTILEVEL,0,0,absolute,IDEALIZED_GRADUAL_MAPPING,2.492206599727863,0.24220659972786274,1.0,1.5,MISSING_IN_MATCHED_PROFILE,LARGE_GAP,0.5,ASSUMPTION_SENSITIVE,fixed physical state count not reported; accelerator mapping is idealized
80,3,3.718072,DISCRETE_MULTILEVEL,16,256,7,8,95.93129129284272,2560.0,HfZrOx_01,10.1002/pssr.202000524,HfZrOx,2.0,ANALOG,0,0,normalized_from_ratio,IDEALIZED_ANALOG_MAPPING,2.5192877999117407,0.2692877999117406,1.0,1.5,MISSING_IN_MATCHED_PROFILE,LARGE_GAP,0.25,ASSUMPTION_SENSITIVE,absolute RON/ROFF unavailable; normalized from ratio; fixed physical state count not reported; accelerator mapping is idealized
81,1,2.128684,DISCRETE_MULTILEVEL,16,256,7,8,95.92094496744588,2560.0,TiOx_02_Pt,10.1038/s41598-019-44607-3,TiOx,2.128684,GRADUAL_MULTILEVEL,0,0,absolute,IDEALIZED_GRADUAL_MAPPING,2.25,0.0,1.0,1.5,MISSING_IN_MATCHED_PROFILE,LARGE_GAP,0.5,ASSUMPTION_SENSITIVE,fixed physical state count not reported; accelerator mapping is idealized
81,2,2.128684,DISCRETE_MULTILEVEL,16,256,7,8,95.92094496744588,2560.0,HfZrOx_01,10.1002/pssr.202000524,HfZrOx,2.0,ANALOG,0,0,normalized_from_ratio,IDEALIZED_ANALOG_MAPPING,2.277081200183878,0.027081200183877885,1.0,1.5,MISSING_IN_MATCHED_PROFILE,LARGE_GAP,0.25,ASSUMPTION_SENSITIVE,absolute RON/ROFF unavailable; normalized from ratio; fixed physical state count not reported; accelerator mapping is idealized
81,3,2.128684,DISCRETE_MULTILEVEL,16,256,7,8,95.92094496744588,2560.0,TiOx_02_Au,10.1038/s41598-019-44607-3,TiOx,1.705978,GRADUAL_MULTILEVEL,0,0,absolute,IDEALIZED_GRADUAL_MAPPING,2.3461377695674734,0.09613776956747339,1.0,1.5,MISSING_IN_MATCHED_PROFILE,LARGE_GAP,0.5,ASSUMPTION_SENSITIVE,fixed physical state count not reported; accelerator mapping is idealized
82,1,2.02898,DISCRETE_MULTILEVEL,16,256,7,8,95.91426924522366,2560.0,HfZrOx_01,10.1002/pssr.202000524,HfZrOx,2.0,ANALOG,0,0,normalized_from_ratio,IDEALIZED_ANALOG_MAPPING,2.2562477704760937,0.00624777047609365,1.0,1.5,MISSING_IN_MATCHED_PROFILE,LARGE_GAP,0.25,ASSUMPTION_SENSITIVE,absolute RON/ROFF unavailable; normalized from ratio; fixed physical state count not reported; accelerator mapping is idealized
82,2,2.02898,DISCRETE_MULTILEVEL,16,256,7,8,95.91426924522366,2560.0,TiOx_02_Pt,10.1038/s41598-019-44607-3,TiOx,2.128684,GRADUAL_MULTILEVEL,0,0,absolute,IDEALIZED_GRADUAL_MAPPING,2.270833429707784,0.020833429707784235,1.0,1.5,MISSING_IN_MATCHED_PROFILE,LARGE_GAP,0.5,ASSUMPTION_SENSITIVE,fixed physical state count not reported; accelerator mapping is idealized
82,3,2.02898,DISCRETE_MULTILEVEL,16,256,7,8,95.91426924522366,2560.0,TiOx_02_Au,10.1038/s41598-019-44607-3,TiOx,1.705978,GRADUAL_MULTILEVEL,0,0,absolute,IDEALIZED_GRADUAL_MAPPING,2.325304339859689,0.07530433985968915,1.0,1.5,MISSING_IN_MATCHED_PROFILE,LARGE_GAP,0.5,ASSUMPTION_SENSITIVE,fixed physical state count not reported; accelerator mapping is idealized
83,1,2.0,DISCRETE_MULTILEVEL,16,256,7,8,95.91426924522366,2560.0,HfZrOx_01,10.1002/pssr.202000524,HfZrOx,2.0,ANALOG,0,0,normalized_from_ratio,IDEALIZED_ANALOG_MAPPING,2.25,0.0,1.0,1.5,MISSING_IN_MATCHED_PROFILE,LARGE_GAP,0.25,ASSUMPTION_SENSITIVE,absolute RON/ROFF unavailable; normalized from ratio; fixed physical state count not reported; accelerator mapping is idealized
83,2,2.0,DISCRETE_MULTILEVEL,16,256,7,8,95.91426924522366,2560.0,TiOx_02_Pt,10.1038/s41598-019-44607-3,TiOx,2.128684,GRADUAL_MULTILEVEL,0,0,absolute,IDEALIZED_GRADUAL_MAPPING,2.277081200183878,0.027081200183877885,1.0,1.5,MISSING_IN_MATCHED_PROFILE,LARGE_GAP,0.5,ASSUMPTION_SENSITIVE,fixed physical state count not reported; accelerator mapping is idealized
83,3,2.0,DISCRETE_MULTILEVEL,16,256,7,8,95.91426924522366,2560.0,TiOx_02_Au,10.1038/s41598-019-44607-3,TiOx,1.705978,GRADUAL_MULTILEVEL,0,0,absolute,IDEALIZED_GRADUAL_MAPPING,2.3190565693835956,0.0690565693835955,1.0,1.5,MISSING_IN_MATCHED_PROFILE,LARGE_GAP,0.5,ASSUMPTION_SENSITIVE,fixed physical state count not reported; accelerator mapping is idealized
84,1,1.705978,DISCRETE_MULTILEVEL,16,256,7,8,95.90852869760462,2560.0,TiOx_02_Au,10.1038/s41598-019-44607-3,TiOx,1.705978,GRADUAL_MULTILEVEL,0,0,absolute,IDEALIZED_GRADUAL_MAPPING,2.25,8.326672684688674e-17,1.0,1.5,MISSING_IN_MATCHED_PROFILE,LARGE_GAP,0.5,ASSUMPTION_SENSITIVE,fixed physical state count not reported; accelerator mapping is idealized
84,2,1.705978,DISCRETE_MULTILEVEL,16,256,7,8,95.90852869760462,2560.0,HfZrOx_01,10.1002/pssr.202000524,HfZrOx,2.0,ANALOG,0,0,normalized_from_ratio,IDEALIZED_ANALOG_MAPPING,2.319056569383595,0.06905656938359542,1.0,1.5,MISSING_IN_MATCHED_PROFILE,LARGE_GAP,0.25,ASSUMPTION_SENSITIVE,absolute RON/ROFF unavailable; normalized from ratio; fixed physical state count not reported; accelerator mapping is idealized
84,3,1.705978,DISCRETE_MULTILEVEL,16,256,7,8,95.90852869760462,2560.0,TiOx_02_Pt,10.1038/s41598-019-44607-3,TiOx,2.128684,GRADUAL_MULTILEVEL,0,0,absolute,IDEALIZED_GRADUAL_MAPPING,2.3461377695674734,0.0961377695674733,1.0,1.5,MISSING_IN_MATCHED_PROFILE,LARGE_GAP,0.5,ASSUMPTION_SENSITIVE,fixed physical state count not reported; accelerator mapping is idealized
