method,held_out_device,held_out_study,training_devices,training_rows,test_rows,candidate_mae_pp,candidate_rmse_pp,actual_best_accuracy,selected_actual_accuracy,selected_predicted_accuracy,regret_pp,selected_crossbar_size,selected_weight_bits,selected_adc_bits
RIDGE,HfOx_01,10.1109/TNANO.2024.3485213,9,2205,245,15.158298843218525,19.665965022180508,96.32,96.21,110.82124890184542,0.10999999999999943,16,7,10
RANDOM_FOREST,HfOx_01,10.1109/TNANO.2024.3485213,9,2205,245,0.3777914750213522,1.2458656675294597,96.32,96.28,96.2886058650795,0.03999999999999204,128,6,10
EXTRA_TREES,HfOx_01,10.1109/TNANO.2024.3485213,9,2205,245,0.4249969442176885,1.3340431494754228,96.32,96.27,96.28521600000028,0.04999999999999716,64,6,10
GRADIENT_BOOSTING,HfOx_01,10.1109/TNANO.2024.3485213,9,2205,245,0.8739501289663365,1.365528287356002,96.32,96.19,97.55282566949438,0.12999999999999545,16,6,5
MLP,HfOx_01,10.1109/TNANO.2024.3485213,9,2205,245,1.1191860272768899,1.5845094690332286,96.32,95.96,99.46078050189509,0.35999999999999943,16,5,5
RIDGE,HfOx_02,10.1088/2634-4386/ac7327,9,2205,245,15.791171127427221,19.997054488735596,96.3,96.24,107.84190020938152,0.060000000000002274,16,7,10
RANDOM_FOREST,HfOx_02,10.1088/2634-4386/ac7327,9,2205,245,2.849347051245807,7.011757109487,96.3,96.3,96.30035781746035,0.0,16,6,10
EXTRA_TREES,HfOx_02,10.1088/2634-4386/ac7327,9,2205,245,2.979302396307101,7.5783011156355515,96.3,96.3,96.3016903333333,0.0,16,6,10
GRADIENT_BOOSTING,HfOx_02,10.1088/2634-4386/ac7327,9,2205,245,2.425140392505148,4.536242251055017,96.3,96.25,97.25400587690193,0.04999999999999716,16,7,6
MLP,HfOx_02,10.1088/2634-4386/ac7327,9,2205,245,2.8393191470638097,3.5632938417506175,96.3,95.87,100.09147944992206,0.4299999999999926,16,8,5
RIDGE,HfZrOx_01,10.1002/pssr.202000524,9,2205,245,16.65431313152578,21.05108120217797,96.34,96.19,105.94394922739602,0.15000000000000568,16,7,10
RANDOM_FOREST,HfZrOx_01,10.1002/pssr.202000524,9,2205,245,2.761137519948754,7.289473738983619,96.34,96.34,96.29091111904785,0.0,16,6,10
EXTRA_TREES,HfZrOx_01,10.1002/pssr.202000524,9,2205,245,3.8739294660835726,10.228784052128054,96.34,96.34,96.28897066666728,0.0,16,6,10
GRADIENT_BOOSTING,HfZrOx_01,10.1002/pssr.202000524,9,2205,245,3.519472540067699,8.381209177805385,96.34,96.17,97.1342647428286,0.1700000000000017,16,6,6
MLP,HfZrOx_01,10.1002/pssr.202000524,9,2205,245,11.883965130403128,16.7804793343425,96.34,96.18,97.45976938314712,0.1599999999999966,256,8,10
RIDGE,TaOx_01,10.1038/s41598-017-18329-3,9,2205,245,29.056419353659503,33.600908279756275,96.17,96.1,163.7354306762462,0.07000000000000739,16,8,10
RANDOM_FOREST,TaOx_01,10.1038/s41598-017-18329-3,9,2205,245,0.6491866858291443,2.1744594118199365,96.17,96.07,96.18486621428572,0.10000000000000853,16,6,7
EXTRA_TREES,TaOx_01,10.1038/s41598-017-18329-3,9,2205,245,0.7723454274052306,2.335525771757843,96.17,96.07,95.95156000000007,0.10000000000000853,16,8,7
GRADIENT_BOOSTING,TaOx_01,10.1038/s41598-017-18329-3,9,2205,245,0.9221572725014542,1.5455139958098367,96.17,95.89,97.5213106159305,0.28000000000000114,16,5,5
MLP,TaOx_01,10.1038/s41598-017-18329-3,9,2205,245,22.796068651655112,28.685630052799183,96.17,95.8,91.81852316710356,0.37000000000000455,256,6,6
RIDGE,TiOx_02_Au,10.1038/s41598-019-44607-3,7,1715,245,15.944714087208936,20.393487406008564,96.32,96.21,103.58514403391656,0.10999999999999943,16,7,10
RANDOM_FOREST,TiOx_02_Au,10.1038/s41598-019-44607-3,7,1715,245,2.659003676272932,6.093967855925177,96.32,96.27,96.29314215079364,0.04999999999999716,16,6,10
EXTRA_TREES,TiOx_02_Au,10.1038/s41598-019-44607-3,7,1715,245,2.0695030390670732,4.941391565643156,96.32,96.27,96.29759433333344,0.04999999999999716,16,6,10
GRADIENT_BOOSTING,TiOx_02_Au,10.1038/s41598-019-44607-3,7,1715,245,2.7871377712176764,5.987918747509571,96.32,96.08,97.32152721373207,0.23999999999999488,16,6,6
MLP,TiOx_02_Au,10.1038/s41598-019-44607-3,7,1715,245,4.778599620145525,7.965444330241327,96.32,96.23,99.91450708209221,0.0899999999999892,256,8,10
RIDGE,TiOx_02_Ni,10.1038/s41598-019-44607-3,7,1715,245,26.212431243800335,35.05640816046463,96.31,96.19,103.17508003842467,0.12000000000000455,16,7,10
RANDOM_FOREST,TiOx_02_Ni,10.1038/s41598-019-44607-3,7,1715,245,15.83186217588714,26.89702935828597,96.31,96.25,96.29314215079363,0.060000000000002274,16,6,10
EXTRA_TREES,TiOx_02_Ni,10.1038/s41598-019-44607-3,7,1715,245,17.565148695821165,29.66696254588705,96.31,96.25,96.29759433333344,0.060000000000002274,16,6,10
GRADIENT_BOOSTING,TiOx_02_Ni,10.1038/s41598-019-44607-3,7,1715,245,16.221000585619947,27.05468417057265,96.31,92.63,97.32152721373207,3.680000000000007,16,6,6
MLP,TiOx_02_Ni,10.1038/s41598-019-44607-3,7,1715,245,19.577073384319146,30.89916376904643,96.31,96.24,100.32203700100163,0.07000000000000739,256,8,10
RIDGE,TiOx_02_Pt,10.1038/s41598-019-44607-3,7,1715,245,15.245143136906094,19.560451297055348,96.35,96.22,103.79513426323801,0.12999999999999545,16,7,10
RANDOM_FOREST,TiOx_02_Pt,10.1038/s41598-019-44607-3,7,1715,245,2.7721221898047634,7.409639231070016,96.35,96.31,96.29314215079361,0.03999999999999204,16,6,10
EXTRA_TREES,TiOx_02_Pt,10.1038/s41598-019-44607-3,7,1715,245,1.1704003673469634,3.0887619600537444,96.35,96.31,96.29753500000012,0.03999999999999204,16,6,10
GRADIENT_BOOSTING,TiOx_02_Pt,10.1038/s41598-019-44607-3,7,1715,245,2.9353668853497976,6.430375938898668,96.35,96.09,97.32152721373207,0.2599999999999909,16,7,6
MLP,TiOx_02_Pt,10.1038/s41598-019-44607-3,7,1715,245,4.027087606090883,5.891575823159944,96.35,96.19,99.70581453149534,0.1599999999999966,256,8,10
RIDGE,TiOx_03,10.1016/j.spmi.2017.10.031,9,2205,245,15.67331506483744,20.777577289039545,96.34,96.22,119.25039602223646,0.12000000000000455,16,7,10
RANDOM_FOREST,TiOx_03,10.1016/j.spmi.2017.10.031,9,2205,245,0.17615969781488053,0.32955064961971,96.34,96.29,96.28946818253974,0.04999999999999716,16,6,10
EXTRA_TREES,TiOx_03,10.1016/j.spmi.2017.10.031,9,2205,245,0.17391341010690994,0.37027749752184624,96.34,96.29,96.29095533333347,0.04999999999999716,16,6,10
GRADIENT_BOOSTING,TiOx_03,10.1016/j.spmi.2017.10.031,9,2205,245,0.7804664473659861,1.1836811486000485,96.34,96.2,97.37653733545962,0.14000000000000057,16,7,5
MLP,TiOx_03,10.1016/j.spmi.2017.10.031,9,2205,245,3.7713924581963534,4.893044086676625,96.34,96.2,101.44362211041434,0.14000000000000057,16,6,6
RIDGE,TiOx_04,10.1007/s42835-019-00107-y,9,2205,245,14.963819493765511,19.586530031027294,96.32,96.23,112.71128371459945,0.0899999999999892,16,7,10
RANDOM_FOREST,TiOx_04,10.1007/s42835-019-00107-y,9,2205,245,0.1853705800072882,0.5032581351397429,96.32,96.27,96.2970263650795,0.04999999999999716,16,6,10
EXTRA_TREES,TiOx_04,10.1007/s42835-019-00107-y,9,2205,245,0.35344915374151314,1.1312772373015192,96.32,96.27,96.295274,0.04999999999999716,16,6,10
GRADIENT_BOOSTING,TiOx_04,10.1007/s42835-019-00107-y,9,2205,245,0.7452899840344249,1.0789884869051758,96.32,96.23,97.53105405876411,0.0899999999999892,16,6,5
MLP,TiOx_04,10.1007/s42835-019-00107-y,9,2205,245,1.9737323332487589,3.0952393160590588,96.32,96.05,100.58409189834303,0.269999999999996,16,5,5
RIDGE,ZnO_01,10.3390/electronics7120445,9,2205,245,17.7929603459002,21.654619513832866,96.31,96.21,106.35087838239622,0.10000000000000853,16,7,10
RANDOM_FOREST,ZnO_01,10.3390/electronics7120445,9,2205,245,1.2898468437995223,4.30053648617591,96.31,96.25,96.29806612914861,0.060000000000002274,128,6,8
EXTRA_TREES,ZnO_01,10.3390/electronics7120445,9,2205,245,1.328205841593802,4.4014906681045725,96.31,96.26,96.24290899999988,0.04999999999999716,64,6,9
GRADIENT_BOOSTING,ZnO_01,10.3390/electronics7120445,9,2205,245,1.8577471062362305,4.364200713680562,96.31,96.26,97.87445092634115,0.04999999999999716,16,8,5
MLP,ZnO_01,10.3390/electronics7120445,9,2205,245,83.74572482858702,84.29996538062616,96.31,96.27,28.347735339772978,0.04000000000000625,16,8,10
