held_out_device,held_out_study,held_out_family,method,true_pareto_points,predicted_pareto_points,exact_overlap_points,pareto_recall,pareto_precision,pareto_f1,normalized_front_distance,true_normalized_hypervolume,predicted_normalized_hypervolume,hypervolume_abs_error,mean_cost_budget_regret_pp,max_cost_budget_regret_pp,training_rows,training_devices,training_studies,budget_details_json
HfOx_01,10.1109/TNANO.2024.3485213,HfOx,HARDWARE_ONLY,10,15,4,0.4,0.26666666666666666,0.32,0.024380092103867743,0.9999542981390727,0.9991526860681246,0.0008016120709480878,0.049999999999993605,0.06999999999999318,2205,9,7,"[{""budget_quantile"": 0.25, ""budget"": 1920.0, ""oracle_accuracy"": 96.19, ""chosen_actual_accuracy"": 96.15, ""chosen_predicted_accuracy"": 93.89705996280482, ""regret_pp"": 0.03999999999999204}, {""budget_quantile"": 0.5, ""budget"": 8192.0, ""oracle_accuracy"": 96.32, ""chosen_actual_accuracy"": 96.25, ""chosen_predicted_accuracy"": 96.14993166450382, ""regret_pp"": 0.06999999999999318}, {""budget_quantile"": 0.75, ""budget"": 39936.0, ""oracle_accuracy"": 96.32, ""chosen_actual_accuracy"": 96.28, ""chosen_predicted_accuracy"": 96.2384849934404, ""regret_pp"": 0.03999999999999204}, {""budget_quantile"": 1.0, ""budget"": 819200.0, ""oracle_accuracy"": 96.32, ""chosen_actual_accuracy"": 96.27, ""chosen_predicted_accuracy"": 96.26986051575675, ""regret_pp"": 0.04999999999999716}]"
HfOx_01,10.1109/TNANO.2024.3485213,HfOx,FULL_DEVICE_AWARE,10,11,3,0.3,0.2727272727272727,0.28571428571428564,0.01517801894630589,0.9999542981390727,0.9995770954990248,0.00037720264004781345,0.02999999999999403,0.03999999999999204,2205,9,7,"[{""budget_quantile"": 0.25, ""budget"": 1920.0, ""oracle_accuracy"": 96.19, ""chosen_actual_accuracy"": 96.15, ""chosen_predicted_accuracy"": 96.21044668253973, ""regret_pp"": 0.03999999999999204}, {""budget_quantile"": 0.5, ""budget"": 8192.0, ""oracle_accuracy"": 96.32, ""chosen_actual_accuracy"": 96.32, ""chosen_predicted_accuracy"": 96.27469494444436, ""regret_pp"": 0.0}, {""budget_quantile"": 0.75, ""budget"": 39936.0, ""oracle_accuracy"": 96.32, ""chosen_actual_accuracy"": 96.28, ""chosen_predicted_accuracy"": 96.28860586507949, ""regret_pp"": 0.03999999999999204}, {""budget_quantile"": 1.0, ""budget"": 819200.0, ""oracle_accuracy"": 96.32, ""chosen_actual_accuracy"": 96.28, ""chosen_predicted_accuracy"": 96.28860586507949, ""regret_pp"": 0.03999999999999204}]"
HfOx_02,10.1088/2634-4386/ac7327,HfOx,HARDWARE_ONLY,9,15,2,0.2222222222222222,0.13333333333333333,0.16666666666666669,0.056625763094848416,0.999929390785095,0.9993650544961759,0.000564336288919165,0.07000000000000028,0.12000000000000455,2205,9,7,"[{""budget_quantile"": 0.25, ""budget"": 1920.0, ""oracle_accuracy"": 96.19, ""chosen_actual_accuracy"": 96.07, ""chosen_predicted_accuracy"": 93.90356132484439, ""regret_pp"": 0.12000000000000455}, {""budget_quantile"": 0.5, ""budget"": 8192.0, ""oracle_accuracy"": 96.25, ""chosen_actual_accuracy"": 96.13, ""chosen_predicted_accuracy"": 96.15612383457929, ""regret_pp"": 0.12000000000000455}, {""budget_quantile"": 0.75, ""budget"": 39936.0, ""oracle_accuracy"": 96.3, ""chosen_actual_accuracy"": 96.26, ""chosen_predicted_accuracy"": 96.24075478527197, ""regret_pp"": 0.03999999999999204}, {""budget_quantile"": 1.0, ""budget"": 819200.0, ""oracle_accuracy"": 96.3, ""chosen_actual_accuracy"": 96.3, ""chosen_predicted_accuracy"": 96.2689724989699, ""regret_pp"": 0.0}]"
HfOx_02,10.1088/2634-4386/ac7327,HfOx,FULL_DEVICE_AWARE,9,14,2,0.2222222222222222,0.14285714285714285,0.17391304347826086,0.08058648709843072,0.999929390785095,0.9996586777827378,0.00027071300235725904,0.014999999999997016,0.03999999999999204,2205,9,7,"[{""budget_quantile"": 0.25, ""budget"": 1920.0, ""oracle_accuracy"": 96.19, ""chosen_actual_accuracy"": 96.19, ""chosen_predicted_accuracy"": 95.98892352669557, ""regret_pp"": 0.0}, {""budget_quantile"": 0.5, ""budget"": 8192.0, ""oracle_accuracy"": 96.25, ""chosen_actual_accuracy"": 96.23, ""chosen_predicted_accuracy"": 96.27066623809534, ""regret_pp"": 0.01999999999999602}, {""budget_quantile"": 0.75, ""budget"": 39936.0, ""oracle_accuracy"": 96.3, ""chosen_actual_accuracy"": 96.26, ""chosen_predicted_accuracy"": 96.27223584737487, ""regret_pp"": 0.03999999999999204}, {""budget_quantile"": 1.0, ""budget"": 819200.0, ""oracle_accuracy"": 96.3, ""chosen_actual_accuracy"": 96.3, ""chosen_predicted_accuracy"": 96.30035781746035, ""regret_pp"": 0.0}]"
HfZrOx_01,10.1002/pssr.202000524,HfZrOx,HARDWARE_ONLY,12,16,4,0.3333333333333333,0.25,0.28571428571428575,0.08191205849498268,0.9993159355880435,0.9989235635149313,0.0003923720731122682,0.08000000000000185,0.1599999999999966,2205,9,7,"[{""budget_quantile"": 0.25, ""budget"": 1920.0, ""oracle_accuracy"": 96.03, ""chosen_actual_accuracy"": 95.87, ""chosen_predicted_accuracy"": 93.91628066610932, ""regret_pp"": 0.1599999999999966}, {""budget_quantile"": 0.5, ""budget"": 8192.0, ""oracle_accuracy"": 96.26, ""chosen_actual_accuracy"": 96.26, ""chosen_predicted_accuracy"": 96.14865397228259, ""regret_pp"": 0.0}, {""budget_quantile"": 0.75, ""budget"": 39936.0, ""oracle_accuracy"": 96.29, ""chosen_actual_accuracy"": 96.22, ""chosen_predicted_accuracy"": 96.24494941158453, ""regret_pp"": 0.07000000000000739}, {""budget_quantile"": 1.0, ""budget"": 819200.0, ""oracle_accuracy"": 96.34, ""chosen_actual_accuracy"": 96.25, ""chosen_predicted_accuracy"": 96.26736197280722, ""regret_pp"": 0.09000000000000341}]"
HfZrOx_01,10.1002/pssr.202000524,HfZrOx,FULL_DEVICE_AWARE,12,12,5,0.4166666666666667,0.4166666666666667,0.4166666666666667,0.03994083956407221,0.9993159355880435,0.9992021430479074,0.00011379254013610396,0.05750000000000455,0.14000000000000057,2205,9,7,"[{""budget_quantile"": 0.25, ""budget"": 1920.0, ""oracle_accuracy"": 96.03, ""chosen_actual_accuracy"": 95.89, ""chosen_predicted_accuracy"": 95.97144408730162, ""regret_pp"": 0.14000000000000057}, {""budget_quantile"": 0.5, ""budget"": 8192.0, ""oracle_accuracy"": 96.26, ""chosen_actual_accuracy"": 96.24, ""chosen_predicted_accuracy"": 96.2473060238094, ""regret_pp"": 0.020000000000010232}, {""budget_quantile"": 0.75, ""budget"": 39936.0, ""oracle_accuracy"": 96.29, ""chosen_actual_accuracy"": 96.22, ""chosen_predicted_accuracy"": 96.26751946031749, ""regret_pp"": 0.07000000000000739}, {""budget_quantile"": 1.0, ""budget"": 819200.0, ""oracle_accuracy"": 96.34, ""chosen_actual_accuracy"": 96.34, ""chosen_predicted_accuracy"": 96.29091111904785, ""regret_pp"": 0.0}]"
TaOx_01,10.1038/s41598-017-18329-3,TaOx,HARDWARE_ONLY,57,16,9,0.15789473684210525,0.5625,0.2465753424657534,0.04822984387110189,0.9999094586851763,0.9997743075352873,0.00013515114988904564,0.032500000000002416,0.07000000000000739,2205,9,7,"[{""budget_quantile"": 0.25, ""budget"": 1920.0, ""oracle_accuracy"": 96.01, ""chosen_actual_accuracy"": 96.01, ""chosen_predicted_accuracy"": 93.93975897950583, ""regret_pp"": 0.0}, {""budget_quantile"": 0.5, ""budget"": 8192.0, ""oracle_accuracy"": 96.08, ""chosen_actual_accuracy"": 96.08, ""chosen_predicted_accuracy"": 96.16752833407674, ""regret_pp"": 0.0}, {""budget_quantile"": 0.75, ""budget"": 39936.0, ""oracle_accuracy"": 96.17, ""chosen_actual_accuracy"": 96.11, ""chosen_predicted_accuracy"": 96.25695861566776, ""regret_pp"": 0.060000000000002274}, {""budget_quantile"": 1.0, ""budget"": 819200.0, ""oracle_accuracy"": 96.17, ""chosen_actual_accuracy"": 96.1, ""chosen_predicted_accuracy"": 96.29066023703392, ""regret_pp"": 0.07000000000000739}]"
TaOx_01,10.1038/s41598-017-18329-3,TaOx,FULL_DEVICE_AWARE,57,12,7,0.12280701754385964,0.5833333333333334,0.20289855072463764,0.016058889381693132,0.9999094586851763,0.9999650626411936,5.560395601722501e-05,0.07500000000000284,0.12999999999999545,2205,9,7,"[{""budget_quantile"": 0.25, ""budget"": 1920.0, ""oracle_accuracy"": 96.01, ""chosen_actual_accuracy"": 96.01, ""chosen_predicted_accuracy"": 96.13891768326127, ""regret_pp"": 0.0}, {""budget_quantile"": 0.5, ""budget"": 8192.0, ""oracle_accuracy"": 96.08, ""chosen_actual_accuracy"": 95.95, ""chosen_predicted_accuracy"": 96.17594148268398, ""regret_pp"": 0.12999999999999545}, {""budget_quantile"": 0.75, ""budget"": 39936.0, ""oracle_accuracy"": 96.17, ""chosen_actual_accuracy"": 96.1, ""chosen_predicted_accuracy"": 96.17780309307359, ""regret_pp"": 0.07000000000000739}, {""budget_quantile"": 1.0, ""budget"": 819200.0, ""oracle_accuracy"": 96.17, ""chosen_actual_accuracy"": 96.07, ""chosen_predicted_accuracy"": 96.18486621428572, ""regret_pp"": 0.10000000000000853}]"
TiOx_02_Au,10.1038/s41598-019-44607-3,TiOx,HARDWARE_ONLY,11,13,3,0.2727272727272727,0.23076923076923078,0.24999999999999994,0.06770216103594034,0.9997062430461237,0.9992400657197407,0.00046617732638298826,0.09250000000000114,0.14000000000000057,1715,7,7,"[{""budget_quantile"": 0.25, ""budget"": 1920.0, ""oracle_accuracy"": 95.93, ""chosen_actual_accuracy"": 95.81, ""chosen_predicted_accuracy"": 96.14953594624994, ""regret_pp"": 0.12000000000000455}, {""budget_quantile"": 0.5, ""budget"": 8192.0, ""oracle_accuracy"": 96.27, ""chosen_actual_accuracy"": 96.13, ""chosen_predicted_accuracy"": 96.24360635655195, ""regret_pp"": 0.14000000000000057}, {""budget_quantile"": 0.75, ""budget"": 39936.0, ""oracle_accuracy"": 96.27, ""chosen_actual_accuracy"": 96.21, ""chosen_predicted_accuracy"": 96.25915614696088, ""regret_pp"": 0.060000000000002274}, {""budget_quantile"": 1.0, ""budget"": 819200.0, ""oracle_accuracy"": 96.32, ""chosen_actual_accuracy"": 96.27, ""chosen_predicted_accuracy"": 96.27082726430439, ""regret_pp"": 0.04999999999999716}]"
TiOx_02_Au,10.1038/s41598-019-44607-3,TiOx,FULL_DEVICE_AWARE,11,16,4,0.36363636363636365,0.25,0.2962962962962963,0.06640039923328574,0.9997062430461237,0.9993269319814309,0.00037931106469279996,0.08500000000000085,0.12000000000000455,1715,7,7,"[{""budget_quantile"": 0.25, ""budget"": 1920.0, ""oracle_accuracy"": 95.93, ""chosen_actual_accuracy"": 95.81, ""chosen_predicted_accuracy"": 95.9969026587302, ""regret_pp"": 0.12000000000000455}, {""budget_quantile"": 0.5, ""budget"": 8192.0, ""oracle_accuracy"": 96.27, ""chosen_actual_accuracy"": 96.16, ""chosen_predicted_accuracy"": 96.24368018253966, ""regret_pp"": 0.10999999999999943}, {""budget_quantile"": 0.75, ""budget"": 39936.0, ""oracle_accuracy"": 96.27, ""chosen_actual_accuracy"": 96.21, ""chosen_predicted_accuracy"": 96.26489407936499, ""regret_pp"": 0.060000000000002274}, {""budget_quantile"": 1.0, ""budget"": 819200.0, ""oracle_accuracy"": 96.32, ""chosen_actual_accuracy"": 96.27, ""chosen_predicted_accuracy"": 96.29314215079363, ""regret_pp"": 0.04999999999999716}]"
TiOx_02_Ni,10.1038/s41598-019-44607-3,TiOx,HARDWARE_ONLY,18,13,4,0.2222222222222222,0.3076923076923077,0.2580645161290323,0.2073146706752963,0.9985991397641497,0.9993544952883409,0.000755355524191148,0.7774999999999999,2.510000000000005,1715,7,7,"[{""budget_quantile"": 0.25, ""budget"": 1920.0, ""oracle_accuracy"": 75.99, ""chosen_actual_accuracy"": 75.86, ""chosen_predicted_accuracy"": 96.14953594624994, ""regret_pp"": 0.12999999999999545}, {""budget_quantile"": 0.5, ""budget"": 8192.0, ""oracle_accuracy"": 95.73, ""chosen_actual_accuracy"": 93.22, ""chosen_predicted_accuracy"": 96.24360635655195, ""regret_pp"": 2.510000000000005}, {""budget_quantile"": 0.75, ""budget"": 39936.0, ""oracle_accuracy"": 96.24, ""chosen_actual_accuracy"": 95.83, ""chosen_predicted_accuracy"": 96.25915614696086, ""regret_pp"": 0.4099999999999966}, {""budget_quantile"": 1.0, ""budget"": 819200.0, ""oracle_accuracy"": 96.31, ""chosen_actual_accuracy"": 96.25, ""chosen_predicted_accuracy"": 96.2708272643044, ""regret_pp"": 0.060000000000002274}]"
TiOx_02_Ni,10.1038/s41598-019-44607-3,TiOx,FULL_DEVICE_AWARE,18,16,5,0.2777777777777778,0.3125,0.29411764705882354,0.11429211539389561,0.9985991397641497,0.9994413615500312,0.0008422217858814474,0.16499999999999915,0.4099999999999966,1715,7,7,"[{""budget_quantile"": 0.25, ""budget"": 1920.0, ""oracle_accuracy"": 75.99, ""chosen_actual_accuracy"": 75.86, ""chosen_predicted_accuracy"": 95.99690265873022, ""regret_pp"": 0.12999999999999545}, {""budget_quantile"": 0.5, ""budget"": 8192.0, ""oracle_accuracy"": 95.73, ""chosen_actual_accuracy"": 95.67, ""chosen_predicted_accuracy"": 96.24368018253968, ""regret_pp"": 0.060000000000002274}, {""budget_quantile"": 0.75, ""budget"": 39936.0, ""oracle_accuracy"": 96.24, ""chosen_actual_accuracy"": 95.83, ""chosen_predicted_accuracy"": 96.26489407936502, ""regret_pp"": 0.4099999999999966}, {""budget_quantile"": 1.0, ""budget"": 819200.0, ""oracle_accuracy"": 96.31, ""chosen_actual_accuracy"": 96.25, ""chosen_predicted_accuracy"": 96.29314215079364, ""regret_pp"": 0.060000000000002274}]"
TiOx_02_Pt,10.1038/s41598-019-44607-3,TiOx,HARDWARE_ONLY,10,13,3,0.3,0.23076923076923078,0.2608695652173913,0.07222288765777195,0.999861752877461,0.9988955131544063,0.0009662397230547626,0.024999999999995026,0.05999999999998806,1715,7,7,"[{""budget_quantile"": 0.25, ""budget"": 1920.0, ""oracle_accuracy"": 96.01, ""chosen_actual_accuracy"": 96.01, ""chosen_predicted_accuracy"": 96.14953594624993, ""regret_pp"": 0.0}, {""budget_quantile"": 0.5, ""budget"": 8192.0, ""oracle_accuracy"": 96.35, ""chosen_actual_accuracy"": 96.35, ""chosen_predicted_accuracy"": 96.24360635655192, ""regret_pp"": 0.0}, {""budget_quantile"": 0.75, ""budget"": 39936.0, ""oracle_accuracy"": 96.35, ""chosen_actual_accuracy"": 96.29, ""chosen_predicted_accuracy"": 96.25915614696089, ""regret_pp"": 0.05999999999998806}, {""budget_quantile"": 1.0, ""budget"": 819200.0, ""oracle_accuracy"": 96.35, ""chosen_actual_accuracy"": 96.31, ""chosen_predicted_accuracy"": 96.2708272643044, ""regret_pp"": 0.03999999999999204}]"
TiOx_02_Pt,10.1038/s41598-019-44607-3,TiOx,FULL_DEVICE_AWARE,10,16,3,0.3,0.1875,0.23076923076923075,0.08345916046812205,0.999861752877461,0.9989824789306593,0.0008792739468017619,0.04249999999999332,0.06999999999999318,1715,7,7,"[{""budget_quantile"": 0.25, ""budget"": 1920.0, ""oracle_accuracy"": 96.01, ""chosen_actual_accuracy"": 96.01, ""chosen_predicted_accuracy"": 95.9969026587302, ""regret_pp"": 0.0}, {""budget_quantile"": 0.5, ""budget"": 8192.0, ""oracle_accuracy"": 96.35, ""chosen_actual_accuracy"": 96.28, ""chosen_predicted_accuracy"": 96.24368018253966, ""regret_pp"": 0.06999999999999318}, {""budget_quantile"": 0.75, ""budget"": 39936.0, ""oracle_accuracy"": 96.35, ""chosen_actual_accuracy"": 96.29, ""chosen_predicted_accuracy"": 96.26489407936502, ""regret_pp"": 0.05999999999998806}, {""budget_quantile"": 1.0, ""budget"": 819200.0, ""oracle_accuracy"": 96.35, ""chosen_actual_accuracy"": 96.31, ""chosen_predicted_accuracy"": 96.29314215079363, ""regret_pp"": 0.03999999999999204}]"
TiOx_03,10.1016/j.spmi.2017.10.031,TiOx,HARDWARE_ONLY,8,15,2,0.25,0.13333333333333333,0.1739130434782609,0.05903692244252259,0.9999428830807474,0.9988878594241256,0.0010550236566218008,0.06750000000000256,0.12000000000000455,2205,9,7,"[{""budget_quantile"": 0.25, ""budget"": 1920.0, ""oracle_accuracy"": 96.19, ""chosen_actual_accuracy"": 96.19, ""chosen_predicted_accuracy"": 93.89574112023956, ""regret_pp"": 0.0}, {""budget_quantile"": 0.5, ""budget"": 8192.0, ""oracle_accuracy"": 96.34, ""chosen_actual_accuracy"": 96.22, ""chosen_predicted_accuracy"": 96.15278348423472, ""regret_pp"": 0.12000000000000455}, {""budget_quantile"": 0.75, ""budget"": 39936.0, ""oracle_accuracy"": 96.34, ""chosen_actual_accuracy"": 96.24, ""chosen_predicted_accuracy"": 96.23888925209754, ""regret_pp"": 0.10000000000000853}, {""budget_quantile"": 1.0, ""budget"": 819200.0, ""oracle_accuracy"": 96.34, ""chosen_actual_accuracy"": 96.29, ""chosen_predicted_accuracy"": 96.26977913876625, ""regret_pp"": 0.04999999999999716}]"
TiOx_03,10.1016/j.spmi.2017.10.031,TiOx,FULL_DEVICE_AWARE,8,11,3,0.375,0.2727272727272727,0.3157894736842105,0.053946250531966056,0.9999428830807474,0.9992533867079707,0.00068949637277671,0.0400000000000027,0.10000000000000853,2205,9,7,"[{""budget_quantile"": 0.25, ""budget"": 1920.0, ""oracle_accuracy"": 96.19, ""chosen_actual_accuracy"": 96.19, ""chosen_predicted_accuracy"": 96.17443624603176, ""regret_pp"": 0.0}, {""budget_quantile"": 0.5, ""budget"": 8192.0, ""oracle_accuracy"": 96.34, ""chosen_actual_accuracy"": 96.33, ""chosen_predicted_accuracy"": 96.25145615873011, ""regret_pp"": 0.010000000000005116}, {""budget_quantile"": 0.75, ""budget"": 39936.0, ""oracle_accuracy"": 96.34, ""chosen_actual_accuracy"": 96.24, ""chosen_predicted_accuracy"": 96.27412814935067, ""regret_pp"": 0.10000000000000853}, {""budget_quantile"": 1.0, ""budget"": 819200.0, ""oracle_accuracy"": 96.34, ""chosen_actual_accuracy"": 96.29, ""chosen_predicted_accuracy"": 96.28946818253974, ""regret_pp"": 0.04999999999999716}]"
TiOx_04,10.1007/s42835-019-00107-y,TiOx,HARDWARE_ONLY,9,16,3,0.3333333333333333,0.1875,0.24000000000000005,0.05609409374457797,0.9999100837994834,0.9991281779924218,0.0007819058070616114,0.042500000000000426,0.06999999999999318,2205,9,7,"[{""budget_quantile"": 0.25, ""budget"": 1920.0, ""oracle_accuracy"": 96.22, ""chosen_actual_accuracy"": 96.15, ""chosen_predicted_accuracy"": 93.91610274224125, ""regret_pp"": 0.06999999999999318}, {""budget_quantile"": 0.5, ""budget"": 8192.0, ""oracle_accuracy"": 96.29, ""chosen_actual_accuracy"": 96.24, ""chosen_predicted_accuracy"": 96.14946964556663, ""regret_pp"": 0.05000000000001137}, {""budget_quantile"": 0.75, ""budget"": 39936.0, ""oracle_accuracy"": 96.31, ""chosen_actual_accuracy"": 96.31, ""chosen_predicted_accuracy"": 96.23500854379392, ""regret_pp"": 0.0}, {""budget_quantile"": 1.0, ""budget"": 819200.0, ""oracle_accuracy"": 96.32, ""chosen_actual_accuracy"": 96.27, ""chosen_predicted_accuracy"": 96.27227529335212, ""regret_pp"": 0.04999999999999716}]"
TiOx_04,10.1007/s42835-019-00107-y,TiOx,FULL_DEVICE_AWARE,9,11,4,0.4444444444444444,0.36363636363636365,0.39999999999999997,0.03708265147034829,0.9999100837994834,0.9996174835821819,0.00029260021730148633,0.017499999999998295,0.04999999999999716,2205,9,7,"[{""budget_quantile"": 0.25, ""budget"": 1920.0, ""oracle_accuracy"": 96.22, ""chosen_actual_accuracy"": 96.22, ""chosen_predicted_accuracy"": 96.17272697619042, ""regret_pp"": 0.0}, {""budget_quantile"": 0.5, ""budget"": 8192.0, ""oracle_accuracy"": 96.29, ""chosen_actual_accuracy"": 96.29, ""chosen_predicted_accuracy"": 96.28986934126995, ""regret_pp"": 0.0}, {""budget_quantile"": 0.75, ""budget"": 39936.0, ""oracle_accuracy"": 96.31, ""chosen_actual_accuracy"": 96.29, ""chosen_predicted_accuracy"": 96.28986934126995, ""regret_pp"": 0.01999999999999602}, {""budget_quantile"": 1.0, ""budget"": 819200.0, ""oracle_accuracy"": 96.32, ""chosen_actual_accuracy"": 96.27, ""chosen_predicted_accuracy"": 96.29702636507949, ""regret_pp"": 0.04999999999999716}]"
ZnO_01,10.3390/electronics7120445,ZnO,HARDWARE_ONLY,14,25,8,0.5714285714285714,0.32,0.41025641025641024,0.045916427931708186,0.9999607641040296,0.9993490378806047,0.0006117262234248688,0.08500000000000085,0.23999999999999488,2205,9,7,"[{""budget_quantile"": 0.25, ""budget"": 6784.0, ""oracle_accuracy"": 96.27, ""chosen_actual_accuracy"": 96.03, ""chosen_predicted_accuracy"": 94.6180747149227, ""regret_pp"": 0.23999999999999488}, {""budget_quantile"": 0.5, ""budget"": 44800.0, ""oracle_accuracy"": 96.29, ""chosen_actual_accuracy"": 96.24, ""chosen_predicted_accuracy"": 96.15082638323437, ""regret_pp"": 0.05000000000001137}, {""budget_quantile"": 0.75, ""budget"": 225280.0, ""oracle_accuracy"": 96.3, ""chosen_actual_accuracy"": 96.27, ""chosen_predicted_accuracy"": 96.23910467611202, ""regret_pp"": 0.030000000000001137}, {""budget_quantile"": 1.0, ""budget"": 5734400.0, ""oracle_accuracy"": 96.31, ""chosen_actual_accuracy"": 96.29, ""chosen_predicted_accuracy"": 96.27007124343079, ""regret_pp"": 0.01999999999999602}]"
ZnO_01,10.3390/electronics7120445,ZnO,FULL_DEVICE_AWARE,14,17,7,0.5,0.4117647058823529,0.45161290322580644,0.014696007227616454,0.9999607641040296,0.999806966765774,0.00015379733825560127,0.03750000000000142,0.060000000000002274,2205,9,7,"[{""budget_quantile"": 0.25, ""budget"": 6784.0, ""oracle_accuracy"": 96.27, ""chosen_actual_accuracy"": 96.27, ""chosen_predicted_accuracy"": 96.19052841341987, ""regret_pp"": 0.0}, {""budget_quantile"": 0.5, ""budget"": 44800.0, ""oracle_accuracy"": 96.29, ""chosen_actual_accuracy"": 96.25, ""chosen_predicted_accuracy"": 96.2980661291486, ""regret_pp"": 0.04000000000000625}, {""budget_quantile"": 0.75, ""budget"": 225280.0, ""oracle_accuracy"": 96.3, ""chosen_actual_accuracy"": 96.25, ""chosen_predicted_accuracy"": 96.2980661291486, ""regret_pp"": 0.04999999999999716}, {""budget_quantile"": 1.0, ""budget"": 5734400.0, ""oracle_accuracy"": 96.31, ""chosen_actual_accuracy"": 96.25, ""chosen_predicted_accuracy"": 96.2980661291486, ""regret_pp"": 0.060000000000002274}]"
