device_id,technology_family,conductance_mode,state_count_status,reported_conductance_states,mapping_strategy,precision_basis,parameter_source,crossbar_size,requested_weight_bits,effective_weight_levels,effective_conductance_levels,slices_per_branch,physical_cells_per_weight,adc_bits,accuracy,accuracy_loss
TiOx_02_Au,TiOx,GRADUAL_MULTILEVEL,NOT_REPORTED,,IDEALIZED_SINGLE_PAIR_GRADUAL,IDEALIZED_GRADUAL_MAPPING,absolute,64,6,63,63,,2,10,96.32,-0.0899999999999892
TiOx_02_Au,TiOx,GRADUAL_MULTILEVEL,NOT_REPORTED,,IDEALIZED_SINGLE_PAIR_GRADUAL,IDEALIZED_GRADUAL_MAPPING,absolute,64,8,255,255,,2,10,96.29,-0.060000000000002274
TiOx_02_Au,TiOx,GRADUAL_MULTILEVEL,NOT_REPORTED,,IDEALIZED_SINGLE_PAIR_GRADUAL,IDEALIZED_GRADUAL_MAPPING,absolute,32,6,63,63,,2,10,96.28,-0.04999999999999716
TiOx_02_Au,TiOx,GRADUAL_MULTILEVEL,NOT_REPORTED,,IDEALIZED_SINGLE_PAIR_GRADUAL,IDEALIZED_GRADUAL_MAPPING,absolute,32,6,63,63,,2,8,96.28,-0.04999999999999716
TiOx_02_Au,TiOx,GRADUAL_MULTILEVEL,NOT_REPORTED,,IDEALIZED_SINGLE_PAIR_GRADUAL,IDEALIZED_GRADUAL_MAPPING,absolute,16,6,63,63,,2,9,96.28,-0.04999999999999716
TiOx_02_Au,TiOx,GRADUAL_MULTILEVEL,NOT_REPORTED,,IDEALIZED_SINGLE_PAIR_GRADUAL,IDEALIZED_GRADUAL_MAPPING,absolute,16,6,63,63,,2,10,96.27,-0.03999999999999204
TiOx_02_Au,TiOx,GRADUAL_MULTILEVEL,NOT_REPORTED,,IDEALIZED_SINGLE_PAIR_GRADUAL,IDEALIZED_GRADUAL_MAPPING,absolute,128,7,127,127,,2,8,96.27,-0.03999999999999204
TiOx_02_Au,TiOx,GRADUAL_MULTILEVEL,NOT_REPORTED,,IDEALIZED_SINGLE_PAIR_GRADUAL,IDEALIZED_GRADUAL_MAPPING,absolute,32,6,63,63,,2,9,96.27,-0.03999999999999204
TiOx_02_Au,TiOx,GRADUAL_MULTILEVEL,NOT_REPORTED,,IDEALIZED_SINGLE_PAIR_GRADUAL,IDEALIZED_GRADUAL_MAPPING,absolute,32,7,127,127,,2,10,96.25,-0.01999999999999602
TiOx_02_Au,TiOx,GRADUAL_MULTILEVEL,NOT_REPORTED,,IDEALIZED_SINGLE_PAIR_GRADUAL,IDEALIZED_GRADUAL_MAPPING,absolute,32,8,255,255,,2,9,96.25,-0.01999999999999602
TiOx_02_Au,TiOx,GRADUAL_MULTILEVEL,NOT_REPORTED,,IDEALIZED_SINGLE_PAIR_GRADUAL,IDEALIZED_GRADUAL_MAPPING,absolute,16,8,255,255,,2,10,96.25,-0.01999999999999602
TiOx_02_Au,TiOx,GRADUAL_MULTILEVEL,NOT_REPORTED,,IDEALIZED_SINGLE_PAIR_GRADUAL,IDEALIZED_GRADUAL_MAPPING,absolute,16,7,127,127,,2,9,96.24,-0.009999999999990905
TiOx_02_Au,TiOx,GRADUAL_MULTILEVEL,NOT_REPORTED,,IDEALIZED_SINGLE_PAIR_GRADUAL,IDEALIZED_GRADUAL_MAPPING,absolute,16,6,63,63,,2,8,96.24,-0.009999999999990905
TiOx_02_Au,TiOx,GRADUAL_MULTILEVEL,NOT_REPORTED,,IDEALIZED_SINGLE_PAIR_GRADUAL,IDEALIZED_GRADUAL_MAPPING,absolute,64,8,255,255,,2,9,96.24,-0.009999999999990905
TiOx_02_Au,TiOx,GRADUAL_MULTILEVEL,NOT_REPORTED,,IDEALIZED_SINGLE_PAIR_GRADUAL,IDEALIZED_GRADUAL_MAPPING,absolute,256,7,127,127,,2,10,96.24,-0.009999999999990905
TiOx_02_Au,TiOx,GRADUAL_MULTILEVEL,NOT_REPORTED,,IDEALIZED_SINGLE_PAIR_GRADUAL,IDEALIZED_GRADUAL_MAPPING,absolute,256,7,127,127,,2,8,96.23,0.0
TiOx_02_Au,TiOx,GRADUAL_MULTILEVEL,NOT_REPORTED,,IDEALIZED_SINGLE_PAIR_GRADUAL,IDEALIZED_GRADUAL_MAPPING,absolute,256,8,255,255,,2,10,96.23,0.0
TiOx_02_Au,TiOx,GRADUAL_MULTILEVEL,NOT_REPORTED,,IDEALIZED_SINGLE_PAIR_GRADUAL,IDEALIZED_GRADUAL_MAPPING,absolute,32,6,63,63,,2,7,96.22,0.010000000000005116
TiOx_02_Au,TiOx,GRADUAL_MULTILEVEL,NOT_REPORTED,,IDEALIZED_SINGLE_PAIR_GRADUAL,IDEALIZED_GRADUAL_MAPPING,absolute,16,8,255,255,,2,9,96.22,0.010000000000005116
TiOx_02_Au,TiOx,GRADUAL_MULTILEVEL,NOT_REPORTED,,IDEALIZED_SINGLE_PAIR_GRADUAL,IDEALIZED_GRADUAL_MAPPING,absolute,32,7,127,127,,2,9,96.22,0.010000000000005116
TiOx_02_Au,TiOx,GRADUAL_MULTILEVEL,NOT_REPORTED,,IDEALIZED_SINGLE_PAIR_GRADUAL,IDEALIZED_GRADUAL_MAPPING,absolute,32,7,127,127,,2,8,96.22,0.010000000000005116
TiOx_02_Au,TiOx,GRADUAL_MULTILEVEL,NOT_REPORTED,,IDEALIZED_SINGLE_PAIR_GRADUAL,IDEALIZED_GRADUAL_MAPPING,absolute,128,7,127,127,,2,10,96.22,0.010000000000005116
TiOx_02_Au,TiOx,GRADUAL_MULTILEVEL,NOT_REPORTED,,IDEALIZED_SINGLE_PAIR_GRADUAL,IDEALIZED_GRADUAL_MAPPING,absolute,128,6,63,63,,2,10,96.22,0.010000000000005116
TiOx_02_Au,TiOx,GRADUAL_MULTILEVEL,NOT_REPORTED,,IDEALIZED_SINGLE_PAIR_GRADUAL,IDEALIZED_GRADUAL_MAPPING,absolute,16,7,127,127,,2,10,96.21,0.020000000000010232
TiOx_02_Au,TiOx,GRADUAL_MULTILEVEL,NOT_REPORTED,,IDEALIZED_SINGLE_PAIR_GRADUAL,IDEALIZED_GRADUAL_MAPPING,absolute,16,7,127,127,,2,7,96.21,0.020000000000010232
TiOx_02_Au,TiOx,GRADUAL_MULTILEVEL,NOT_REPORTED,,IDEALIZED_SINGLE_PAIR_GRADUAL,IDEALIZED_GRADUAL_MAPPING,absolute,64,6,63,63,,2,9,96.21,0.020000000000010232
TiOx_02_Au,TiOx,GRADUAL_MULTILEVEL,NOT_REPORTED,,IDEALIZED_SINGLE_PAIR_GRADUAL,IDEALIZED_GRADUAL_MAPPING,absolute,64,7,127,127,,2,9,96.21,0.020000000000010232
TiOx_02_Au,TiOx,GRADUAL_MULTILEVEL,NOT_REPORTED,,IDEALIZED_SINGLE_PAIR_GRADUAL,IDEALIZED_GRADUAL_MAPPING,absolute,16,8,255,255,,2,7,96.21,0.020000000000010232
TiOx_02_Au,TiOx,GRADUAL_MULTILEVEL,NOT_REPORTED,,IDEALIZED_SINGLE_PAIR_GRADUAL,IDEALIZED_GRADUAL_MAPPING,absolute,64,7,127,127,,2,10,96.2,0.030000000000001137
TiOx_02_Au,TiOx,GRADUAL_MULTILEVEL,NOT_REPORTED,,IDEALIZED_SINGLE_PAIR_GRADUAL,IDEALIZED_GRADUAL_MAPPING,absolute,32,8,255,255,,2,8,96.2,0.030000000000001137
TiOx_02_Au,TiOx,GRADUAL_MULTILEVEL,NOT_REPORTED,,IDEALIZED_SINGLE_PAIR_GRADUAL,IDEALIZED_GRADUAL_MAPPING,absolute,32,8,255,255,,2,10,96.2,0.030000000000001137
TiOx_02_Au,TiOx,GRADUAL_MULTILEVEL,NOT_REPORTED,,IDEALIZED_SINGLE_PAIR_GRADUAL,IDEALIZED_GRADUAL_MAPPING,absolute,16,8,255,255,,2,8,96.19,0.04000000000000625
TiOx_02_Au,TiOx,GRADUAL_MULTILEVEL,NOT_REPORTED,,IDEALIZED_SINGLE_PAIR_GRADUAL,IDEALIZED_GRADUAL_MAPPING,absolute,128,8,255,255,,2,10,96.19,0.04000000000000625
TiOx_02_Au,TiOx,GRADUAL_MULTILEVEL,NOT_REPORTED,,IDEALIZED_SINGLE_PAIR_GRADUAL,IDEALIZED_GRADUAL_MAPPING,absolute,256,7,127,127,,2,9,96.18,0.04999999999999716
TiOx_02_Au,TiOx,GRADUAL_MULTILEVEL,NOT_REPORTED,,IDEALIZED_SINGLE_PAIR_GRADUAL,IDEALIZED_GRADUAL_MAPPING,absolute,64,5,31,31,,2,9,96.18,0.04999999999999716
TiOx_02_Au,TiOx,GRADUAL_MULTILEVEL,NOT_REPORTED,,IDEALIZED_SINGLE_PAIR_GRADUAL,IDEALIZED_GRADUAL_MAPPING,absolute,256,6,63,63,,2,8,96.18,0.04999999999999716
TiOx_02_Au,TiOx,GRADUAL_MULTILEVEL,NOT_REPORTED,,IDEALIZED_SINGLE_PAIR_GRADUAL,IDEALIZED_GRADUAL_MAPPING,absolute,32,8,255,255,,2,7,96.18,0.04999999999999716
TiOx_02_Au,TiOx,GRADUAL_MULTILEVEL,NOT_REPORTED,,IDEALIZED_SINGLE_PAIR_GRADUAL,IDEALIZED_GRADUAL_MAPPING,absolute,16,5,31,31,,2,8,96.17,0.060000000000002274
TiOx_02_Au,TiOx,GRADUAL_MULTILEVEL,NOT_REPORTED,,IDEALIZED_SINGLE_PAIR_GRADUAL,IDEALIZED_GRADUAL_MAPPING,absolute,16,7,127,127,,2,8,96.17,0.060000000000002274
TiOx_02_Au,TiOx,GRADUAL_MULTILEVEL,NOT_REPORTED,,IDEALIZED_SINGLE_PAIR_GRADUAL,IDEALIZED_GRADUAL_MAPPING,absolute,16,6,63,63,,2,7,96.17,0.060000000000002274
TiOx_02_Au,TiOx,GRADUAL_MULTILEVEL,NOT_REPORTED,,IDEALIZED_SINGLE_PAIR_GRADUAL,IDEALIZED_GRADUAL_MAPPING,absolute,64,6,63,63,,2,7,96.17,0.060000000000002274
TiOx_02_Au,TiOx,GRADUAL_MULTILEVEL,NOT_REPORTED,,IDEALIZED_SINGLE_PAIR_GRADUAL,IDEALIZED_GRADUAL_MAPPING,absolute,64,5,31,31,,2,10,96.17,0.060000000000002274
TiOx_02_Au,TiOx,GRADUAL_MULTILEVEL,NOT_REPORTED,,IDEALIZED_SINGLE_PAIR_GRADUAL,IDEALIZED_GRADUAL_MAPPING,absolute,256,6,63,63,,2,9,96.16,0.07000000000000739
TiOx_02_Au,TiOx,GRADUAL_MULTILEVEL,NOT_REPORTED,,IDEALIZED_SINGLE_PAIR_GRADUAL,IDEALIZED_GRADUAL_MAPPING,absolute,128,6,63,63,,2,9,96.16,0.07000000000000739
TiOx_02_Au,TiOx,GRADUAL_MULTILEVEL,NOT_REPORTED,,IDEALIZED_SINGLE_PAIR_GRADUAL,IDEALIZED_GRADUAL_MAPPING,absolute,256,5,31,31,,2,10,96.16,0.07000000000000739
TiOx_02_Au,TiOx,GRADUAL_MULTILEVEL,NOT_REPORTED,,IDEALIZED_SINGLE_PAIR_GRADUAL,IDEALIZED_GRADUAL_MAPPING,absolute,256,5,31,31,,2,8,96.16,0.07000000000000739
TiOx_02_Au,TiOx,GRADUAL_MULTILEVEL,NOT_REPORTED,,IDEALIZED_SINGLE_PAIR_GRADUAL,IDEALIZED_GRADUAL_MAPPING,absolute,256,6,63,63,,2,10,96.15,0.0799999999999983
TiOx_02_Au,TiOx,GRADUAL_MULTILEVEL,NOT_REPORTED,,IDEALIZED_SINGLE_PAIR_GRADUAL,IDEALIZED_GRADUAL_MAPPING,absolute,32,5,31,31,,2,8,96.15,0.0799999999999983
TiOx_02_Au,TiOx,GRADUAL_MULTILEVEL,NOT_REPORTED,,IDEALIZED_SINGLE_PAIR_GRADUAL,IDEALIZED_GRADUAL_MAPPING,absolute,16,5,31,31,,2,9,96.15,0.0799999999999983
TiOx_02_Au,TiOx,GRADUAL_MULTILEVEL,NOT_REPORTED,,IDEALIZED_SINGLE_PAIR_GRADUAL,IDEALIZED_GRADUAL_MAPPING,absolute,16,5,31,31,,2,10,96.14,0.09000000000000341
TiOx_02_Au,TiOx,GRADUAL_MULTILEVEL,NOT_REPORTED,,IDEALIZED_SINGLE_PAIR_GRADUAL,IDEALIZED_GRADUAL_MAPPING,absolute,16,5,31,31,,2,7,96.14,0.09000000000000341
TiOx_02_Au,TiOx,GRADUAL_MULTILEVEL,NOT_REPORTED,,IDEALIZED_SINGLE_PAIR_GRADUAL,IDEALIZED_GRADUAL_MAPPING,absolute,32,5,31,31,,2,9,96.14,0.09000000000000341
TiOx_02_Au,TiOx,GRADUAL_MULTILEVEL,NOT_REPORTED,,IDEALIZED_SINGLE_PAIR_GRADUAL,IDEALIZED_GRADUAL_MAPPING,absolute,32,5,31,31,,2,10,96.14,0.09000000000000341
TiOx_02_Au,TiOx,GRADUAL_MULTILEVEL,NOT_REPORTED,,IDEALIZED_SINGLE_PAIR_GRADUAL,IDEALIZED_GRADUAL_MAPPING,absolute,256,8,255,255,,2,9,96.14,0.09000000000000341
TiOx_02_Au,TiOx,GRADUAL_MULTILEVEL,NOT_REPORTED,,IDEALIZED_SINGLE_PAIR_GRADUAL,IDEALIZED_GRADUAL_MAPPING,absolute,128,5,31,31,,2,8,96.14,0.09000000000000341
TiOx_02_Au,TiOx,GRADUAL_MULTILEVEL,NOT_REPORTED,,IDEALIZED_SINGLE_PAIR_GRADUAL,IDEALIZED_GRADUAL_MAPPING,absolute,128,8,255,255,,2,9,96.13,0.10000000000000853
TiOx_02_Au,TiOx,GRADUAL_MULTILEVEL,NOT_REPORTED,,IDEALIZED_SINGLE_PAIR_GRADUAL,IDEALIZED_GRADUAL_MAPPING,absolute,256,8,255,255,,2,8,96.13,0.10000000000000853
TiOx_02_Au,TiOx,GRADUAL_MULTILEVEL,NOT_REPORTED,,IDEALIZED_SINGLE_PAIR_GRADUAL,IDEALIZED_GRADUAL_MAPPING,absolute,128,6,63,63,,2,8,96.13,0.10000000000000853
TiOx_02_Au,TiOx,GRADUAL_MULTILEVEL,NOT_REPORTED,,IDEALIZED_SINGLE_PAIR_GRADUAL,IDEALIZED_GRADUAL_MAPPING,absolute,128,5,31,31,,2,10,96.13,0.10000000000000853
TiOx_02_Au,TiOx,GRADUAL_MULTILEVEL,NOT_REPORTED,,IDEALIZED_SINGLE_PAIR_GRADUAL,IDEALIZED_GRADUAL_MAPPING,absolute,128,4,15,15,,2,10,96.12,0.10999999999999943
TiOx_02_Au,TiOx,GRADUAL_MULTILEVEL,NOT_REPORTED,,IDEALIZED_SINGLE_PAIR_GRADUAL,IDEALIZED_GRADUAL_MAPPING,absolute,128,5,31,31,,2,9,96.12,0.10999999999999943
TiOx_02_Au,TiOx,GRADUAL_MULTILEVEL,NOT_REPORTED,,IDEALIZED_SINGLE_PAIR_GRADUAL,IDEALIZED_GRADUAL_MAPPING,absolute,16,4,15,15,,2,7,96.12,0.10999999999999943
TiOx_02_Au,TiOx,GRADUAL_MULTILEVEL,NOT_REPORTED,,IDEALIZED_SINGLE_PAIR_GRADUAL,IDEALIZED_GRADUAL_MAPPING,absolute,128,7,127,127,,2,9,96.11,0.12000000000000455
TiOx_02_Au,TiOx,GRADUAL_MULTILEVEL,NOT_REPORTED,,IDEALIZED_SINGLE_PAIR_GRADUAL,IDEALIZED_GRADUAL_MAPPING,absolute,16,4,15,15,,2,8,96.11,0.12000000000000455
TiOx_02_Au,TiOx,GRADUAL_MULTILEVEL,NOT_REPORTED,,IDEALIZED_SINGLE_PAIR_GRADUAL,IDEALIZED_GRADUAL_MAPPING,absolute,32,7,127,127,,2,7,96.11,0.12000000000000455
TiOx_02_Au,TiOx,GRADUAL_MULTILEVEL,NOT_REPORTED,,IDEALIZED_SINGLE_PAIR_GRADUAL,IDEALIZED_GRADUAL_MAPPING,absolute,32,4,15,15,,2,8,96.1,0.13000000000000966
TiOx_02_Au,TiOx,GRADUAL_MULTILEVEL,NOT_REPORTED,,IDEALIZED_SINGLE_PAIR_GRADUAL,IDEALIZED_GRADUAL_MAPPING,absolute,64,6,63,63,,2,8,96.1,0.13000000000000966
TiOx_02_Au,TiOx,GRADUAL_MULTILEVEL,NOT_REPORTED,,IDEALIZED_SINGLE_PAIR_GRADUAL,IDEALIZED_GRADUAL_MAPPING,absolute,128,8,255,255,,2,8,96.09,0.14000000000000057
TiOx_02_Au,TiOx,GRADUAL_MULTILEVEL,NOT_REPORTED,,IDEALIZED_SINGLE_PAIR_GRADUAL,IDEALIZED_GRADUAL_MAPPING,absolute,32,4,15,15,,2,9,96.09,0.14000000000000057
TiOx_02_Au,TiOx,GRADUAL_MULTILEVEL,NOT_REPORTED,,IDEALIZED_SINGLE_PAIR_GRADUAL,IDEALIZED_GRADUAL_MAPPING,absolute,128,4,15,15,,2,9,96.08,0.15000000000000568
TiOx_02_Au,TiOx,GRADUAL_MULTILEVEL,NOT_REPORTED,,IDEALIZED_SINGLE_PAIR_GRADUAL,IDEALIZED_GRADUAL_MAPPING,absolute,64,7,127,127,,2,7,96.08,0.15000000000000568
TiOx_02_Au,TiOx,GRADUAL_MULTILEVEL,NOT_REPORTED,,IDEALIZED_SINGLE_PAIR_GRADUAL,IDEALIZED_GRADUAL_MAPPING,absolute,32,5,31,31,,2,7,96.08,0.15000000000000568
TiOx_02_Au,TiOx,GRADUAL_MULTILEVEL,NOT_REPORTED,,IDEALIZED_SINGLE_PAIR_GRADUAL,IDEALIZED_GRADUAL_MAPPING,absolute,256,5,31,31,,2,9,96.08,0.15000000000000568
TiOx_02_Au,TiOx,GRADUAL_MULTILEVEL,NOT_REPORTED,,IDEALIZED_SINGLE_PAIR_GRADUAL,IDEALIZED_GRADUAL_MAPPING,absolute,16,6,63,63,,2,6,96.08,0.15000000000000568
TiOx_02_Au,TiOx,GRADUAL_MULTILEVEL,NOT_REPORTED,,IDEALIZED_SINGLE_PAIR_GRADUAL,IDEALIZED_GRADUAL_MAPPING,absolute,16,4,15,15,,2,10,96.07,0.1600000000000108
TiOx_02_Au,TiOx,GRADUAL_MULTILEVEL,NOT_REPORTED,,IDEALIZED_SINGLE_PAIR_GRADUAL,IDEALIZED_GRADUAL_MAPPING,absolute,64,7,127,127,,2,8,96.07,0.1600000000000108
TiOx_02_Au,TiOx,GRADUAL_MULTILEVEL,NOT_REPORTED,,IDEALIZED_SINGLE_PAIR_GRADUAL,IDEALIZED_GRADUAL_MAPPING,absolute,256,4,15,15,,2,9,96.06,0.1700000000000017
TiOx_02_Au,TiOx,GRADUAL_MULTILEVEL,NOT_REPORTED,,IDEALIZED_SINGLE_PAIR_GRADUAL,IDEALIZED_GRADUAL_MAPPING,absolute,64,8,255,255,,2,7,96.06,0.1700000000000017
TiOx_02_Au,TiOx,GRADUAL_MULTILEVEL,NOT_REPORTED,,IDEALIZED_SINGLE_PAIR_GRADUAL,IDEALIZED_GRADUAL_MAPPING,absolute,32,4,15,15,,2,10,96.04,0.18999999999999773
TiOx_02_Au,TiOx,GRADUAL_MULTILEVEL,NOT_REPORTED,,IDEALIZED_SINGLE_PAIR_GRADUAL,IDEALIZED_GRADUAL_MAPPING,absolute,64,8,255,255,,2,8,96.04,0.18999999999999773
TiOx_02_Au,TiOx,GRADUAL_MULTILEVEL,NOT_REPORTED,,IDEALIZED_SINGLE_PAIR_GRADUAL,IDEALIZED_GRADUAL_MAPPING,absolute,64,4,15,15,,2,9,96.04,0.18999999999999773
TiOx_02_Au,TiOx,GRADUAL_MULTILEVEL,NOT_REPORTED,,IDEALIZED_SINGLE_PAIR_GRADUAL,IDEALIZED_GRADUAL_MAPPING,absolute,256,4,15,15,,2,8,96.04,0.18999999999999773
TiOx_02_Au,TiOx,GRADUAL_MULTILEVEL,NOT_REPORTED,,IDEALIZED_SINGLE_PAIR_GRADUAL,IDEALIZED_GRADUAL_MAPPING,absolute,64,5,31,31,,2,8,96.03,0.20000000000000284
TiOx_02_Au,TiOx,GRADUAL_MULTILEVEL,NOT_REPORTED,,IDEALIZED_SINGLE_PAIR_GRADUAL,IDEALIZED_GRADUAL_MAPPING,absolute,64,4,15,15,,2,8,96.03,0.20000000000000284
TiOx_02_Au,TiOx,GRADUAL_MULTILEVEL,NOT_REPORTED,,IDEALIZED_SINGLE_PAIR_GRADUAL,IDEALIZED_GRADUAL_MAPPING,absolute,16,4,15,15,,2,9,96.03,0.20000000000000284
TiOx_02_Au,TiOx,GRADUAL_MULTILEVEL,NOT_REPORTED,,IDEALIZED_SINGLE_PAIR_GRADUAL,IDEALIZED_GRADUAL_MAPPING,absolute,16,7,127,127,,2,6,96.02,0.21000000000000796
TiOx_02_Au,TiOx,GRADUAL_MULTILEVEL,NOT_REPORTED,,IDEALIZED_SINGLE_PAIR_GRADUAL,IDEALIZED_GRADUAL_MAPPING,absolute,64,4,15,15,,2,10,96.02,0.21000000000000796
TiOx_02_Au,TiOx,GRADUAL_MULTILEVEL,NOT_REPORTED,,IDEALIZED_SINGLE_PAIR_GRADUAL,IDEALIZED_GRADUAL_MAPPING,absolute,256,4,15,15,,2,10,96.01,0.21999999999999886
TiOx_02_Au,TiOx,GRADUAL_MULTILEVEL,NOT_REPORTED,,IDEALIZED_SINGLE_PAIR_GRADUAL,IDEALIZED_GRADUAL_MAPPING,absolute,32,4,15,15,,2,7,95.97,0.2600000000000051
TiOx_02_Au,TiOx,GRADUAL_MULTILEVEL,NOT_REPORTED,,IDEALIZED_SINGLE_PAIR_GRADUAL,IDEALIZED_GRADUAL_MAPPING,absolute,64,5,31,31,,2,7,95.94,0.29000000000000625
TiOx_02_Au,TiOx,GRADUAL_MULTILEVEL,NOT_REPORTED,,IDEALIZED_SINGLE_PAIR_GRADUAL,IDEALIZED_GRADUAL_MAPPING,absolute,256,8,255,255,,2,7,95.93,0.29999999999999716
TiOx_02_Au,TiOx,GRADUAL_MULTILEVEL,NOT_REPORTED,,IDEALIZED_SINGLE_PAIR_GRADUAL,IDEALIZED_GRADUAL_MAPPING,absolute,16,8,255,255,,2,6,95.9,0.3299999999999983
TiOx_02_Au,TiOx,GRADUAL_MULTILEVEL,NOT_REPORTED,,IDEALIZED_SINGLE_PAIR_GRADUAL,IDEALIZED_GRADUAL_MAPPING,absolute,256,7,127,127,,2,7,95.89,0.3400000000000034
TiOx_02_Au,TiOx,GRADUAL_MULTILEVEL,NOT_REPORTED,,IDEALIZED_SINGLE_PAIR_GRADUAL,IDEALIZED_GRADUAL_MAPPING,absolute,128,4,15,15,,2,8,95.86,0.37000000000000455
TiOx_02_Au,TiOx,GRADUAL_MULTILEVEL,NOT_REPORTED,,IDEALIZED_SINGLE_PAIR_GRADUAL,IDEALIZED_GRADUAL_MAPPING,absolute,16,5,31,31,,2,6,95.84,0.39000000000000057
TiOx_02_Au,TiOx,GRADUAL_MULTILEVEL,NOT_REPORTED,,IDEALIZED_SINGLE_PAIR_GRADUAL,IDEALIZED_GRADUAL_MAPPING,absolute,128,6,63,63,,2,7,95.83,0.4000000000000057
TiOx_02_Au,TiOx,GRADUAL_MULTILEVEL,NOT_REPORTED,,IDEALIZED_SINGLE_PAIR_GRADUAL,IDEALIZED_GRADUAL_MAPPING,absolute,128,8,255,255,,2,7,95.82,0.4100000000000108
TiOx_02_Au,TiOx,GRADUAL_MULTILEVEL,NOT_REPORTED,,IDEALIZED_SINGLE_PAIR_GRADUAL,IDEALIZED_GRADUAL_MAPPING,absolute,16,4,15,15,,2,6,95.81,0.4200000000000017
TiOx_02_Au,TiOx,GRADUAL_MULTILEVEL,NOT_REPORTED,,IDEALIZED_SINGLE_PAIR_GRADUAL,IDEALIZED_GRADUAL_MAPPING,absolute,256,6,63,63,,2,7,95.81,0.4200000000000017
TiOx_02_Au,TiOx,GRADUAL_MULTILEVEL,NOT_REPORTED,,IDEALIZED_SINGLE_PAIR_GRADUAL,IDEALIZED_GRADUAL_MAPPING,absolute,128,4,15,15,,2,7,95.77,0.46000000000000796
TiOx_02_Au,TiOx,GRADUAL_MULTILEVEL,NOT_REPORTED,,IDEALIZED_SINGLE_PAIR_GRADUAL,IDEALIZED_GRADUAL_MAPPING,absolute,256,4,15,15,,2,7,95.76,0.46999999999999886
TiOx_02_Au,TiOx,GRADUAL_MULTILEVEL,NOT_REPORTED,,IDEALIZED_SINGLE_PAIR_GRADUAL,IDEALIZED_GRADUAL_MAPPING,absolute,64,4,15,15,,2,7,95.76,0.46999999999999886
TiOx_02_Au,TiOx,GRADUAL_MULTILEVEL,NOT_REPORTED,,IDEALIZED_SINGLE_PAIR_GRADUAL,IDEALIZED_GRADUAL_MAPPING,absolute,128,5,31,31,,2,7,95.7,0.5300000000000011
TiOx_02_Au,TiOx,GRADUAL_MULTILEVEL,NOT_REPORTED,,IDEALIZED_SINGLE_PAIR_GRADUAL,IDEALIZED_GRADUAL_MAPPING,absolute,32,8,255,255,,2,6,95.69,0.5400000000000063
TiOx_02_Au,TiOx,GRADUAL_MULTILEVEL,NOT_REPORTED,,IDEALIZED_SINGLE_PAIR_GRADUAL,IDEALIZED_GRADUAL_MAPPING,absolute,128,7,127,127,,2,7,95.69,0.5400000000000063
TiOx_02_Au,TiOx,GRADUAL_MULTILEVEL,NOT_REPORTED,,IDEALIZED_SINGLE_PAIR_GRADUAL,IDEALIZED_GRADUAL_MAPPING,absolute,32,4,15,15,,2,6,95.63,0.6000000000000085
TiOx_02_Au,TiOx,GRADUAL_MULTILEVEL,NOT_REPORTED,,IDEALIZED_SINGLE_PAIR_GRADUAL,IDEALIZED_GRADUAL_MAPPING,absolute,32,6,63,63,,2,6,95.63,0.6000000000000085
TiOx_02_Au,TiOx,GRADUAL_MULTILEVEL,NOT_REPORTED,,IDEALIZED_SINGLE_PAIR_GRADUAL,IDEALIZED_GRADUAL_MAPPING,absolute,32,7,127,127,,2,6,95.63,0.6000000000000085
TiOx_02_Au,TiOx,GRADUAL_MULTILEVEL,NOT_REPORTED,,IDEALIZED_SINGLE_PAIR_GRADUAL,IDEALIZED_GRADUAL_MAPPING,absolute,256,5,31,31,,2,7,95.58,0.6500000000000057
TiOx_02_Au,TiOx,GRADUAL_MULTILEVEL,NOT_REPORTED,,IDEALIZED_SINGLE_PAIR_GRADUAL,IDEALIZED_GRADUAL_MAPPING,absolute,32,5,31,31,,2,6,95.48,0.75
TiOx_02_Au,TiOx,GRADUAL_MULTILEVEL,NOT_REPORTED,,IDEALIZED_SINGLE_PAIR_GRADUAL,IDEALIZED_GRADUAL_MAPPING,absolute,64,7,127,127,,2,6,95.28,0.9500000000000028
TiOx_02_Au,TiOx,GRADUAL_MULTILEVEL,NOT_REPORTED,,IDEALIZED_SINGLE_PAIR_GRADUAL,IDEALIZED_GRADUAL_MAPPING,absolute,64,8,255,255,,2,6,95.27,0.960000000000008
TiOx_02_Au,TiOx,GRADUAL_MULTILEVEL,NOT_REPORTED,,IDEALIZED_SINGLE_PAIR_GRADUAL,IDEALIZED_GRADUAL_MAPPING,absolute,64,6,63,63,,2,6,95.2,1.0300000000000011
TiOx_02_Au,TiOx,GRADUAL_MULTILEVEL,NOT_REPORTED,,IDEALIZED_SINGLE_PAIR_GRADUAL,IDEALIZED_GRADUAL_MAPPING,absolute,64,5,31,31,,2,6,95.15,1.0799999999999983
TiOx_02_Au,TiOx,GRADUAL_MULTILEVEL,NOT_REPORTED,,IDEALIZED_SINGLE_PAIR_GRADUAL,IDEALIZED_GRADUAL_MAPPING,absolute,64,4,15,15,,2,6,95.02,1.210000000000008
TiOx_02_Au,TiOx,GRADUAL_MULTILEVEL,NOT_REPORTED,,IDEALIZED_SINGLE_PAIR_GRADUAL,IDEALIZED_GRADUAL_MAPPING,absolute,16,7,127,127,,2,5,94.87,1.3599999999999994
TiOx_02_Au,TiOx,GRADUAL_MULTILEVEL,NOT_REPORTED,,IDEALIZED_SINGLE_PAIR_GRADUAL,IDEALIZED_GRADUAL_MAPPING,absolute,16,8,255,255,,2,5,94.8,1.4300000000000068
TiOx_02_Au,TiOx,GRADUAL_MULTILEVEL,NOT_REPORTED,,IDEALIZED_SINGLE_PAIR_GRADUAL,IDEALIZED_GRADUAL_MAPPING,absolute,16,5,31,31,,2,5,94.74,1.490000000000009
TiOx_02_Au,TiOx,GRADUAL_MULTILEVEL,NOT_REPORTED,,IDEALIZED_SINGLE_PAIR_GRADUAL,IDEALIZED_GRADUAL_MAPPING,absolute,16,6,63,63,,2,5,94.72,1.5100000000000051
TiOx_02_Au,TiOx,GRADUAL_MULTILEVEL,NOT_REPORTED,,IDEALIZED_SINGLE_PAIR_GRADUAL,IDEALIZED_GRADUAL_MAPPING,absolute,16,4,15,15,,2,5,94.63,1.6000000000000085
TiOx_02_Au,TiOx,GRADUAL_MULTILEVEL,NOT_REPORTED,,IDEALIZED_SINGLE_PAIR_GRADUAL,IDEALIZED_GRADUAL_MAPPING,absolute,128,7,127,127,,2,6,93.8,2.430000000000007
TiOx_02_Au,TiOx,GRADUAL_MULTILEVEL,NOT_REPORTED,,IDEALIZED_SINGLE_PAIR_GRADUAL,IDEALIZED_GRADUAL_MAPPING,absolute,128,4,15,15,,2,6,93.63,2.6000000000000085
TiOx_02_Au,TiOx,GRADUAL_MULTILEVEL,NOT_REPORTED,,IDEALIZED_SINGLE_PAIR_GRADUAL,IDEALIZED_GRADUAL_MAPPING,absolute,128,8,255,255,,2,6,93.6,2.6300000000000097
TiOx_02_Au,TiOx,GRADUAL_MULTILEVEL,NOT_REPORTED,,IDEALIZED_SINGLE_PAIR_GRADUAL,IDEALIZED_GRADUAL_MAPPING,absolute,128,6,63,63,,2,6,93.55,2.680000000000007
TiOx_02_Au,TiOx,GRADUAL_MULTILEVEL,NOT_REPORTED,,IDEALIZED_SINGLE_PAIR_GRADUAL,IDEALIZED_GRADUAL_MAPPING,absolute,32,8,255,255,,2,5,93.46,2.7700000000000102
TiOx_02_Au,TiOx,GRADUAL_MULTILEVEL,NOT_REPORTED,,IDEALIZED_SINGLE_PAIR_GRADUAL,IDEALIZED_GRADUAL_MAPPING,absolute,128,5,31,31,,2,6,93.45,2.780000000000001
TiOx_02_Au,TiOx,GRADUAL_MULTILEVEL,NOT_REPORTED,,IDEALIZED_SINGLE_PAIR_GRADUAL,IDEALIZED_GRADUAL_MAPPING,absolute,32,6,63,63,,2,5,93.45,2.780000000000001
TiOx_02_Au,TiOx,GRADUAL_MULTILEVEL,NOT_REPORTED,,IDEALIZED_SINGLE_PAIR_GRADUAL,IDEALIZED_GRADUAL_MAPPING,absolute,32,7,127,127,,2,5,93.44,2.7900000000000063
TiOx_02_Au,TiOx,GRADUAL_MULTILEVEL,NOT_REPORTED,,IDEALIZED_SINGLE_PAIR_GRADUAL,IDEALIZED_GRADUAL_MAPPING,absolute,32,5,31,31,,2,5,93.39,2.8400000000000034
TiOx_02_Au,TiOx,GRADUAL_MULTILEVEL,NOT_REPORTED,,IDEALIZED_SINGLE_PAIR_GRADUAL,IDEALIZED_GRADUAL_MAPPING,absolute,256,6,63,63,,2,6,93.14,3.0900000000000034
TiOx_02_Au,TiOx,GRADUAL_MULTILEVEL,NOT_REPORTED,,IDEALIZED_SINGLE_PAIR_GRADUAL,IDEALIZED_GRADUAL_MAPPING,absolute,256,8,255,255,,2,6,93.1,3.1300000000000097
TiOx_02_Au,TiOx,GRADUAL_MULTILEVEL,NOT_REPORTED,,IDEALIZED_SINGLE_PAIR_GRADUAL,IDEALIZED_GRADUAL_MAPPING,absolute,32,4,15,15,,2,5,93.03,3.200000000000003
TiOx_02_Au,TiOx,GRADUAL_MULTILEVEL,NOT_REPORTED,,IDEALIZED_SINGLE_PAIR_GRADUAL,IDEALIZED_GRADUAL_MAPPING,absolute,256,7,127,127,,2,6,92.94,3.2900000000000063
TiOx_02_Au,TiOx,GRADUAL_MULTILEVEL,NOT_REPORTED,,IDEALIZED_SINGLE_PAIR_GRADUAL,IDEALIZED_GRADUAL_MAPPING,absolute,256,4,15,15,,2,6,92.89,3.3400000000000034
TiOx_02_Au,TiOx,GRADUAL_MULTILEVEL,NOT_REPORTED,,IDEALIZED_SINGLE_PAIR_GRADUAL,IDEALIZED_GRADUAL_MAPPING,absolute,256,5,31,31,,2,6,92.65,3.5799999999999983
TiOx_02_Au,TiOx,GRADUAL_MULTILEVEL,NOT_REPORTED,,IDEALIZED_SINGLE_PAIR_GRADUAL,IDEALIZED_GRADUAL_MAPPING,absolute,32,3,7,7,,2,10,92.28,3.950000000000003
TiOx_02_Au,TiOx,GRADUAL_MULTILEVEL,NOT_REPORTED,,IDEALIZED_SINGLE_PAIR_GRADUAL,IDEALIZED_GRADUAL_MAPPING,absolute,64,3,7,7,,2,10,92.26,3.969999999999999
TiOx_02_Au,TiOx,GRADUAL_MULTILEVEL,NOT_REPORTED,,IDEALIZED_SINGLE_PAIR_GRADUAL,IDEALIZED_GRADUAL_MAPPING,absolute,16,3,7,7,,2,10,92.26,3.969999999999999
TiOx_02_Au,TiOx,GRADUAL_MULTILEVEL,NOT_REPORTED,,IDEALIZED_SINGLE_PAIR_GRADUAL,IDEALIZED_GRADUAL_MAPPING,absolute,64,3,7,7,,2,8,92.26,3.969999999999999
TiOx_02_Au,TiOx,GRADUAL_MULTILEVEL,NOT_REPORTED,,IDEALIZED_SINGLE_PAIR_GRADUAL,IDEALIZED_GRADUAL_MAPPING,absolute,16,3,7,7,,2,9,92.26,3.969999999999999
TiOx_02_Au,TiOx,GRADUAL_MULTILEVEL,NOT_REPORTED,,IDEALIZED_SINGLE_PAIR_GRADUAL,IDEALIZED_GRADUAL_MAPPING,absolute,256,3,7,7,,2,10,92.24,3.990000000000009
TiOx_02_Au,TiOx,GRADUAL_MULTILEVEL,NOT_REPORTED,,IDEALIZED_SINGLE_PAIR_GRADUAL,IDEALIZED_GRADUAL_MAPPING,absolute,256,3,7,7,,2,9,92.24,3.990000000000009
TiOx_02_Au,TiOx,GRADUAL_MULTILEVEL,NOT_REPORTED,,IDEALIZED_SINGLE_PAIR_GRADUAL,IDEALIZED_GRADUAL_MAPPING,absolute,128,3,7,7,,2,10,92.23,4.0
TiOx_02_Au,TiOx,GRADUAL_MULTILEVEL,NOT_REPORTED,,IDEALIZED_SINGLE_PAIR_GRADUAL,IDEALIZED_GRADUAL_MAPPING,absolute,32,3,7,7,,2,9,92.19,4.040000000000006
TiOx_02_Au,TiOx,GRADUAL_MULTILEVEL,NOT_REPORTED,,IDEALIZED_SINGLE_PAIR_GRADUAL,IDEALIZED_GRADUAL_MAPPING,absolute,64,3,7,7,,2,9,92.18,4.049999999999997
TiOx_02_Au,TiOx,GRADUAL_MULTILEVEL,NOT_REPORTED,,IDEALIZED_SINGLE_PAIR_GRADUAL,IDEALIZED_GRADUAL_MAPPING,absolute,16,3,7,7,,2,8,92.13,4.1000000000000085
TiOx_02_Au,TiOx,GRADUAL_MULTILEVEL,NOT_REPORTED,,IDEALIZED_SINGLE_PAIR_GRADUAL,IDEALIZED_GRADUAL_MAPPING,absolute,128,3,7,7,,2,8,92.1,4.13000000000001
TiOx_02_Au,TiOx,GRADUAL_MULTILEVEL,NOT_REPORTED,,IDEALIZED_SINGLE_PAIR_GRADUAL,IDEALIZED_GRADUAL_MAPPING,absolute,32,3,7,7,,2,8,92.09,4.140000000000001
TiOx_02_Au,TiOx,GRADUAL_MULTILEVEL,NOT_REPORTED,,IDEALIZED_SINGLE_PAIR_GRADUAL,IDEALIZED_GRADUAL_MAPPING,absolute,128,3,7,7,,2,9,92.08,4.150000000000006
TiOx_02_Au,TiOx,GRADUAL_MULTILEVEL,NOT_REPORTED,,IDEALIZED_SINGLE_PAIR_GRADUAL,IDEALIZED_GRADUAL_MAPPING,absolute,32,3,7,7,,2,7,92.08,4.150000000000006
TiOx_02_Au,TiOx,GRADUAL_MULTILEVEL,NOT_REPORTED,,IDEALIZED_SINGLE_PAIR_GRADUAL,IDEALIZED_GRADUAL_MAPPING,absolute,256,3,7,7,,2,8,92.0,4.230000000000004
TiOx_02_Au,TiOx,GRADUAL_MULTILEVEL,NOT_REPORTED,,IDEALIZED_SINGLE_PAIR_GRADUAL,IDEALIZED_GRADUAL_MAPPING,absolute,64,3,7,7,,2,7,91.97,4.260000000000005
TiOx_02_Au,TiOx,GRADUAL_MULTILEVEL,NOT_REPORTED,,IDEALIZED_SINGLE_PAIR_GRADUAL,IDEALIZED_GRADUAL_MAPPING,absolute,16,3,7,7,,2,7,91.92,4.310000000000002
TiOx_02_Au,TiOx,GRADUAL_MULTILEVEL,NOT_REPORTED,,IDEALIZED_SINGLE_PAIR_GRADUAL,IDEALIZED_GRADUAL_MAPPING,absolute,128,3,7,7,,2,7,91.74,4.490000000000009
TiOx_02_Au,TiOx,GRADUAL_MULTILEVEL,NOT_REPORTED,,IDEALIZED_SINGLE_PAIR_GRADUAL,IDEALIZED_GRADUAL_MAPPING,absolute,16,3,7,7,,2,6,91.67,4.560000000000002
TiOx_02_Au,TiOx,GRADUAL_MULTILEVEL,NOT_REPORTED,,IDEALIZED_SINGLE_PAIR_GRADUAL,IDEALIZED_GRADUAL_MAPPING,absolute,256,3,7,7,,2,7,91.31,4.920000000000002
TiOx_02_Au,TiOx,GRADUAL_MULTILEVEL,NOT_REPORTED,,IDEALIZED_SINGLE_PAIR_GRADUAL,IDEALIZED_GRADUAL_MAPPING,absolute,32,3,7,7,,2,6,91.08,5.150000000000006
TiOx_02_Au,TiOx,GRADUAL_MULTILEVEL,NOT_REPORTED,,IDEALIZED_SINGLE_PAIR_GRADUAL,IDEALIZED_GRADUAL_MAPPING,absolute,64,3,7,7,,2,6,90.62,5.609999999999999
TiOx_02_Au,TiOx,GRADUAL_MULTILEVEL,NOT_REPORTED,,IDEALIZED_SINGLE_PAIR_GRADUAL,IDEALIZED_GRADUAL_MAPPING,absolute,16,3,7,7,,2,5,90.21,6.02000000000001
TiOx_02_Au,TiOx,GRADUAL_MULTILEVEL,NOT_REPORTED,,IDEALIZED_SINGLE_PAIR_GRADUAL,IDEALIZED_GRADUAL_MAPPING,absolute,16,6,63,63,,2,4,89.65,6.579999999999998
TiOx_02_Au,TiOx,GRADUAL_MULTILEVEL,NOT_REPORTED,,IDEALIZED_SINGLE_PAIR_GRADUAL,IDEALIZED_GRADUAL_MAPPING,absolute,16,4,15,15,,2,4,89.62,6.609999999999999
TiOx_02_Au,TiOx,GRADUAL_MULTILEVEL,NOT_REPORTED,,IDEALIZED_SINGLE_PAIR_GRADUAL,IDEALIZED_GRADUAL_MAPPING,absolute,16,8,255,255,,2,4,89.46,6.77000000000001
TiOx_02_Au,TiOx,GRADUAL_MULTILEVEL,NOT_REPORTED,,IDEALIZED_SINGLE_PAIR_GRADUAL,IDEALIZED_GRADUAL_MAPPING,absolute,16,7,127,127,,2,4,89.12,7.109999999999999
TiOx_02_Au,TiOx,GRADUAL_MULTILEVEL,NOT_REPORTED,,IDEALIZED_SINGLE_PAIR_GRADUAL,IDEALIZED_GRADUAL_MAPPING,absolute,64,4,15,15,,2,5,89.04,7.189999999999998
TiOx_02_Au,TiOx,GRADUAL_MULTILEVEL,NOT_REPORTED,,IDEALIZED_SINGLE_PAIR_GRADUAL,IDEALIZED_GRADUAL_MAPPING,absolute,128,3,7,7,,2,6,88.87,7.359999999999999
TiOx_02_Au,TiOx,GRADUAL_MULTILEVEL,NOT_REPORTED,,IDEALIZED_SINGLE_PAIR_GRADUAL,IDEALIZED_GRADUAL_MAPPING,absolute,32,3,7,7,,2,5,88.84,7.390000000000001
TiOx_02_Au,TiOx,GRADUAL_MULTILEVEL,NOT_REPORTED,,IDEALIZED_SINGLE_PAIR_GRADUAL,IDEALIZED_GRADUAL_MAPPING,absolute,16,5,31,31,,2,4,88.35,7.88000000000001
TiOx_02_Au,TiOx,GRADUAL_MULTILEVEL,NOT_REPORTED,,IDEALIZED_SINGLE_PAIR_GRADUAL,IDEALIZED_GRADUAL_MAPPING,absolute,256,3,7,7,,2,6,87.94,8.290000000000006
TiOx_02_Au,TiOx,GRADUAL_MULTILEVEL,NOT_REPORTED,,IDEALIZED_SINGLE_PAIR_GRADUAL,IDEALIZED_GRADUAL_MAPPING,absolute,64,5,31,31,,2,5,87.69,8.540000000000006
TiOx_02_Au,TiOx,GRADUAL_MULTILEVEL,NOT_REPORTED,,IDEALIZED_SINGLE_PAIR_GRADUAL,IDEALIZED_GRADUAL_MAPPING,absolute,64,6,63,63,,2,5,87.65,8.579999999999998
TiOx_02_Au,TiOx,GRADUAL_MULTILEVEL,NOT_REPORTED,,IDEALIZED_SINGLE_PAIR_GRADUAL,IDEALIZED_GRADUAL_MAPPING,absolute,64,8,255,255,,2,5,87.64,8.590000000000003
TiOx_02_Au,TiOx,GRADUAL_MULTILEVEL,NOT_REPORTED,,IDEALIZED_SINGLE_PAIR_GRADUAL,IDEALIZED_GRADUAL_MAPPING,absolute,64,7,127,127,,2,5,87.31,8.920000000000002
TiOx_02_Au,TiOx,GRADUAL_MULTILEVEL,NOT_REPORTED,,IDEALIZED_SINGLE_PAIR_GRADUAL,IDEALIZED_GRADUAL_MAPPING,absolute,32,6,63,63,,2,4,86.5,9.730000000000004
TiOx_02_Au,TiOx,GRADUAL_MULTILEVEL,NOT_REPORTED,,IDEALIZED_SINGLE_PAIR_GRADUAL,IDEALIZED_GRADUAL_MAPPING,absolute,32,7,127,127,,2,4,86.42,9.810000000000002
TiOx_02_Au,TiOx,GRADUAL_MULTILEVEL,NOT_REPORTED,,IDEALIZED_SINGLE_PAIR_GRADUAL,IDEALIZED_GRADUAL_MAPPING,absolute,32,8,255,255,,2,4,86.26,9.969999999999999
TiOx_02_Au,TiOx,GRADUAL_MULTILEVEL,NOT_REPORTED,,IDEALIZED_SINGLE_PAIR_GRADUAL,IDEALIZED_GRADUAL_MAPPING,absolute,32,4,15,15,,2,4,85.93,10.299999999999997
TiOx_02_Au,TiOx,GRADUAL_MULTILEVEL,NOT_REPORTED,,IDEALIZED_SINGLE_PAIR_GRADUAL,IDEALIZED_GRADUAL_MAPPING,absolute,32,5,31,31,,2,4,84.04,12.189999999999998
TiOx_02_Au,TiOx,GRADUAL_MULTILEVEL,NOT_REPORTED,,IDEALIZED_SINGLE_PAIR_GRADUAL,IDEALIZED_GRADUAL_MAPPING,absolute,64,3,7,7,,2,5,83.62,12.61
TiOx_02_Au,TiOx,GRADUAL_MULTILEVEL,NOT_REPORTED,,IDEALIZED_SINGLE_PAIR_GRADUAL,IDEALIZED_GRADUAL_MAPPING,absolute,16,3,7,7,,2,4,81.53,14.700000000000003
TiOx_02_Au,TiOx,GRADUAL_MULTILEVEL,NOT_REPORTED,,IDEALIZED_SINGLE_PAIR_GRADUAL,IDEALIZED_GRADUAL_MAPPING,absolute,64,6,63,63,,2,4,74.64,21.590000000000003
TiOx_02_Au,TiOx,GRADUAL_MULTILEVEL,NOT_REPORTED,,IDEALIZED_SINGLE_PAIR_GRADUAL,IDEALIZED_GRADUAL_MAPPING,absolute,64,8,255,255,,2,4,74.49,21.74000000000001
TiOx_02_Au,TiOx,GRADUAL_MULTILEVEL,NOT_REPORTED,,IDEALIZED_SINGLE_PAIR_GRADUAL,IDEALIZED_GRADUAL_MAPPING,absolute,64,7,127,127,,2,4,74.38,21.85000000000001
TiOx_02_Au,TiOx,GRADUAL_MULTILEVEL,NOT_REPORTED,,IDEALIZED_SINGLE_PAIR_GRADUAL,IDEALIZED_GRADUAL_MAPPING,absolute,64,4,15,15,,2,4,73.73,22.5
TiOx_02_Au,TiOx,GRADUAL_MULTILEVEL,NOT_REPORTED,,IDEALIZED_SINGLE_PAIR_GRADUAL,IDEALIZED_GRADUAL_MAPPING,absolute,64,5,31,31,,2,4,73.49,22.74000000000001
TiOx_02_Au,TiOx,GRADUAL_MULTILEVEL,NOT_REPORTED,,IDEALIZED_SINGLE_PAIR_GRADUAL,IDEALIZED_GRADUAL_MAPPING,absolute,128,4,15,15,,2,5,72.97,23.260000000000005
TiOx_02_Au,TiOx,GRADUAL_MULTILEVEL,NOT_REPORTED,,IDEALIZED_SINGLE_PAIR_GRADUAL,IDEALIZED_GRADUAL_MAPPING,absolute,32,3,7,7,,2,4,72.78,23.450000000000003
TiOx_02_Au,TiOx,GRADUAL_MULTILEVEL,NOT_REPORTED,,IDEALIZED_SINGLE_PAIR_GRADUAL,IDEALIZED_GRADUAL_MAPPING,absolute,128,3,7,7,,2,5,72.44,23.790000000000006
TiOx_02_Au,TiOx,GRADUAL_MULTILEVEL,NOT_REPORTED,,IDEALIZED_SINGLE_PAIR_GRADUAL,IDEALIZED_GRADUAL_MAPPING,absolute,256,6,63,63,,2,5,69.78,26.450000000000003
TiOx_02_Au,TiOx,GRADUAL_MULTILEVEL,NOT_REPORTED,,IDEALIZED_SINGLE_PAIR_GRADUAL,IDEALIZED_GRADUAL_MAPPING,absolute,256,4,15,15,,2,5,69.35,26.88000000000001
TiOx_02_Au,TiOx,GRADUAL_MULTILEVEL,NOT_REPORTED,,IDEALIZED_SINGLE_PAIR_GRADUAL,IDEALIZED_GRADUAL_MAPPING,absolute,256,8,255,255,,2,5,68.97,27.260000000000005
TiOx_02_Au,TiOx,GRADUAL_MULTILEVEL,NOT_REPORTED,,IDEALIZED_SINGLE_PAIR_GRADUAL,IDEALIZED_GRADUAL_MAPPING,absolute,256,7,127,127,,2,5,68.8,27.430000000000007
TiOx_02_Au,TiOx,GRADUAL_MULTILEVEL,NOT_REPORTED,,IDEALIZED_SINGLE_PAIR_GRADUAL,IDEALIZED_GRADUAL_MAPPING,absolute,256,3,7,7,,2,5,68.68,27.549999999999997
TiOx_02_Au,TiOx,GRADUAL_MULTILEVEL,NOT_REPORTED,,IDEALIZED_SINGLE_PAIR_GRADUAL,IDEALIZED_GRADUAL_MAPPING,absolute,128,6,63,63,,2,5,68.62,27.61
TiOx_02_Au,TiOx,GRADUAL_MULTILEVEL,NOT_REPORTED,,IDEALIZED_SINGLE_PAIR_GRADUAL,IDEALIZED_GRADUAL_MAPPING,absolute,256,5,31,31,,2,5,68.04,28.189999999999998
TiOx_02_Au,TiOx,GRADUAL_MULTILEVEL,NOT_REPORTED,,IDEALIZED_SINGLE_PAIR_GRADUAL,IDEALIZED_GRADUAL_MAPPING,absolute,128,8,255,255,,2,5,67.92,28.310000000000002
TiOx_02_Au,TiOx,GRADUAL_MULTILEVEL,NOT_REPORTED,,IDEALIZED_SINGLE_PAIR_GRADUAL,IDEALIZED_GRADUAL_MAPPING,absolute,128,5,31,31,,2,5,67.45,28.78
TiOx_02_Au,TiOx,GRADUAL_MULTILEVEL,NOT_REPORTED,,IDEALIZED_SINGLE_PAIR_GRADUAL,IDEALIZED_GRADUAL_MAPPING,absolute,128,7,127,127,,2,5,67.27,28.960000000000008
TiOx_02_Au,TiOx,GRADUAL_MULTILEVEL,NOT_REPORTED,,IDEALIZED_SINGLE_PAIR_GRADUAL,IDEALIZED_GRADUAL_MAPPING,absolute,64,3,7,7,,2,4,58.38,37.85
TiOx_02_Au,TiOx,GRADUAL_MULTILEVEL,NOT_REPORTED,,IDEALIZED_SINGLE_PAIR_GRADUAL,IDEALIZED_GRADUAL_MAPPING,absolute,128,8,255,255,,2,4,54.83,41.400000000000006
TiOx_02_Au,TiOx,GRADUAL_MULTILEVEL,NOT_REPORTED,,IDEALIZED_SINGLE_PAIR_GRADUAL,IDEALIZED_GRADUAL_MAPPING,absolute,128,4,15,15,,2,4,54.43,41.800000000000004
TiOx_02_Au,TiOx,GRADUAL_MULTILEVEL,NOT_REPORTED,,IDEALIZED_SINGLE_PAIR_GRADUAL,IDEALIZED_GRADUAL_MAPPING,absolute,128,7,127,127,,2,4,54.39,41.84
TiOx_02_Au,TiOx,GRADUAL_MULTILEVEL,NOT_REPORTED,,IDEALIZED_SINGLE_PAIR_GRADUAL,IDEALIZED_GRADUAL_MAPPING,absolute,128,5,31,31,,2,4,54.17,42.06
TiOx_02_Au,TiOx,GRADUAL_MULTILEVEL,NOT_REPORTED,,IDEALIZED_SINGLE_PAIR_GRADUAL,IDEALIZED_GRADUAL_MAPPING,absolute,128,6,63,63,,2,4,53.92,42.31
TiOx_02_Au,TiOx,GRADUAL_MULTILEVEL,NOT_REPORTED,,IDEALIZED_SINGLE_PAIR_GRADUAL,IDEALIZED_GRADUAL_MAPPING,absolute,128,3,7,7,,2,4,44.4,51.830000000000005
TiOx_02_Au,TiOx,GRADUAL_MULTILEVEL,NOT_REPORTED,,IDEALIZED_SINGLE_PAIR_GRADUAL,IDEALIZED_GRADUAL_MAPPING,absolute,256,8,255,255,,2,4,42.56,53.67
TiOx_02_Au,TiOx,GRADUAL_MULTILEVEL,NOT_REPORTED,,IDEALIZED_SINGLE_PAIR_GRADUAL,IDEALIZED_GRADUAL_MAPPING,absolute,256,7,127,127,,2,4,42.05,54.18000000000001
TiOx_02_Au,TiOx,GRADUAL_MULTILEVEL,NOT_REPORTED,,IDEALIZED_SINGLE_PAIR_GRADUAL,IDEALIZED_GRADUAL_MAPPING,absolute,256,6,63,63,,2,4,41.7,54.53
TiOx_02_Au,TiOx,GRADUAL_MULTILEVEL,NOT_REPORTED,,IDEALIZED_SINGLE_PAIR_GRADUAL,IDEALIZED_GRADUAL_MAPPING,absolute,256,4,15,15,,2,4,41.65,54.580000000000005
TiOx_02_Au,TiOx,GRADUAL_MULTILEVEL,NOT_REPORTED,,IDEALIZED_SINGLE_PAIR_GRADUAL,IDEALIZED_GRADUAL_MAPPING,absolute,256,5,31,31,,2,4,41.49,54.74
TiOx_02_Au,TiOx,GRADUAL_MULTILEVEL,NOT_REPORTED,,IDEALIZED_SINGLE_PAIR_GRADUAL,IDEALIZED_GRADUAL_MAPPING,absolute,256,3,7,7,,2,4,35.23,61.00000000000001
TiOx_02_Au,TiOx,GRADUAL_MULTILEVEL,NOT_REPORTED,,IDEALIZED_SINGLE_PAIR_GRADUAL,IDEALIZED_GRADUAL_MAPPING,absolute,64,2,3,3,,2,5,12.4,83.83
TiOx_02_Au,TiOx,GRADUAL_MULTILEVEL,NOT_REPORTED,,IDEALIZED_SINGLE_PAIR_GRADUAL,IDEALIZED_GRADUAL_MAPPING,absolute,16,2,3,3,,2,5,12.25,83.98
TiOx_02_Au,TiOx,GRADUAL_MULTILEVEL,NOT_REPORTED,,IDEALIZED_SINGLE_PAIR_GRADUAL,IDEALIZED_GRADUAL_MAPPING,absolute,128,2,3,3,,2,5,12.22,84.01
TiOx_02_Au,TiOx,GRADUAL_MULTILEVEL,NOT_REPORTED,,IDEALIZED_SINGLE_PAIR_GRADUAL,IDEALIZED_GRADUAL_MAPPING,absolute,256,2,3,3,,2,7,12.01,84.22
TiOx_02_Au,TiOx,GRADUAL_MULTILEVEL,NOT_REPORTED,,IDEALIZED_SINGLE_PAIR_GRADUAL,IDEALIZED_GRADUAL_MAPPING,absolute,256,2,3,3,,2,5,11.97,84.26
TiOx_02_Au,TiOx,GRADUAL_MULTILEVEL,NOT_REPORTED,,IDEALIZED_SINGLE_PAIR_GRADUAL,IDEALIZED_GRADUAL_MAPPING,absolute,32,2,3,3,,2,5,11.78,84.45
TiOx_02_Au,TiOx,GRADUAL_MULTILEVEL,NOT_REPORTED,,IDEALIZED_SINGLE_PAIR_GRADUAL,IDEALIZED_GRADUAL_MAPPING,absolute,128,2,3,3,,2,7,11.78,84.45
TiOx_02_Au,TiOx,GRADUAL_MULTILEVEL,NOT_REPORTED,,IDEALIZED_SINGLE_PAIR_GRADUAL,IDEALIZED_GRADUAL_MAPPING,absolute,128,2,3,3,,2,6,11.7,84.53
TiOx_02_Au,TiOx,GRADUAL_MULTILEVEL,NOT_REPORTED,,IDEALIZED_SINGLE_PAIR_GRADUAL,IDEALIZED_GRADUAL_MAPPING,absolute,256,2,3,3,,2,6,11.66,84.57000000000001
TiOx_02_Au,TiOx,GRADUAL_MULTILEVEL,NOT_REPORTED,,IDEALIZED_SINGLE_PAIR_GRADUAL,IDEALIZED_GRADUAL_MAPPING,absolute,64,2,3,3,,2,7,11.65,84.58
TiOx_02_Au,TiOx,GRADUAL_MULTILEVEL,NOT_REPORTED,,IDEALIZED_SINGLE_PAIR_GRADUAL,IDEALIZED_GRADUAL_MAPPING,absolute,32,2,3,3,,2,7,11.59,84.64
TiOx_02_Au,TiOx,GRADUAL_MULTILEVEL,NOT_REPORTED,,IDEALIZED_SINGLE_PAIR_GRADUAL,IDEALIZED_GRADUAL_MAPPING,absolute,32,2,3,3,,2,8,11.59,84.64
TiOx_02_Au,TiOx,GRADUAL_MULTILEVEL,NOT_REPORTED,,IDEALIZED_SINGLE_PAIR_GRADUAL,IDEALIZED_GRADUAL_MAPPING,absolute,16,2,3,3,,2,7,11.58,84.65
TiOx_02_Au,TiOx,GRADUAL_MULTILEVEL,NOT_REPORTED,,IDEALIZED_SINGLE_PAIR_GRADUAL,IDEALIZED_GRADUAL_MAPPING,absolute,64,2,3,3,,2,8,11.57,84.66
TiOx_02_Au,TiOx,GRADUAL_MULTILEVEL,NOT_REPORTED,,IDEALIZED_SINGLE_PAIR_GRADUAL,IDEALIZED_GRADUAL_MAPPING,absolute,256,2,3,3,,2,8,11.53,84.7
TiOx_02_Au,TiOx,GRADUAL_MULTILEVEL,NOT_REPORTED,,IDEALIZED_SINGLE_PAIR_GRADUAL,IDEALIZED_GRADUAL_MAPPING,absolute,16,2,3,3,,2,8,11.5,84.73
TiOx_02_Au,TiOx,GRADUAL_MULTILEVEL,NOT_REPORTED,,IDEALIZED_SINGLE_PAIR_GRADUAL,IDEALIZED_GRADUAL_MAPPING,absolute,128,2,3,3,,2,8,11.48,84.75
TiOx_02_Au,TiOx,GRADUAL_MULTILEVEL,NOT_REPORTED,,IDEALIZED_SINGLE_PAIR_GRADUAL,IDEALIZED_GRADUAL_MAPPING,absolute,16,2,3,3,,2,10,11.36,84.87
TiOx_02_Au,TiOx,GRADUAL_MULTILEVEL,NOT_REPORTED,,IDEALIZED_SINGLE_PAIR_GRADUAL,IDEALIZED_GRADUAL_MAPPING,absolute,16,2,3,3,,2,6,11.35,84.88000000000001
TiOx_02_Au,TiOx,GRADUAL_MULTILEVEL,NOT_REPORTED,,IDEALIZED_SINGLE_PAIR_GRADUAL,IDEALIZED_GRADUAL_MAPPING,absolute,128,2,3,3,,2,10,11.27,84.96000000000001
TiOx_02_Au,TiOx,GRADUAL_MULTILEVEL,NOT_REPORTED,,IDEALIZED_SINGLE_PAIR_GRADUAL,IDEALIZED_GRADUAL_MAPPING,absolute,64,2,3,3,,2,6,11.27,84.96000000000001
TiOx_02_Au,TiOx,GRADUAL_MULTILEVEL,NOT_REPORTED,,IDEALIZED_SINGLE_PAIR_GRADUAL,IDEALIZED_GRADUAL_MAPPING,absolute,32,2,3,3,,2,6,11.22,85.01
TiOx_02_Au,TiOx,GRADUAL_MULTILEVEL,NOT_REPORTED,,IDEALIZED_SINGLE_PAIR_GRADUAL,IDEALIZED_GRADUAL_MAPPING,absolute,256,2,3,3,,2,10,11.2,85.03
TiOx_02_Au,TiOx,GRADUAL_MULTILEVEL,NOT_REPORTED,,IDEALIZED_SINGLE_PAIR_GRADUAL,IDEALIZED_GRADUAL_MAPPING,absolute,16,2,3,3,,2,9,11.14,85.09
TiOx_02_Au,TiOx,GRADUAL_MULTILEVEL,NOT_REPORTED,,IDEALIZED_SINGLE_PAIR_GRADUAL,IDEALIZED_GRADUAL_MAPPING,absolute,64,2,3,3,,2,10,11.13,85.10000000000001
TiOx_02_Au,TiOx,GRADUAL_MULTILEVEL,NOT_REPORTED,,IDEALIZED_SINGLE_PAIR_GRADUAL,IDEALIZED_GRADUAL_MAPPING,absolute,32,2,3,3,,2,9,11.1,85.13000000000001
TiOx_02_Au,TiOx,GRADUAL_MULTILEVEL,NOT_REPORTED,,IDEALIZED_SINGLE_PAIR_GRADUAL,IDEALIZED_GRADUAL_MAPPING,absolute,64,2,3,3,,2,9,11.1,85.13000000000001
TiOx_02_Au,TiOx,GRADUAL_MULTILEVEL,NOT_REPORTED,,IDEALIZED_SINGLE_PAIR_GRADUAL,IDEALIZED_GRADUAL_MAPPING,absolute,32,2,3,3,,2,10,11.09,85.14
TiOx_02_Au,TiOx,GRADUAL_MULTILEVEL,NOT_REPORTED,,IDEALIZED_SINGLE_PAIR_GRADUAL,IDEALIZED_GRADUAL_MAPPING,absolute,128,2,3,3,,2,9,11.02,85.21000000000001
TiOx_02_Au,TiOx,GRADUAL_MULTILEVEL,NOT_REPORTED,,IDEALIZED_SINGLE_PAIR_GRADUAL,IDEALIZED_GRADUAL_MAPPING,absolute,256,2,3,3,,2,9,10.89,85.34
TiOx_02_Au,TiOx,GRADUAL_MULTILEVEL,NOT_REPORTED,,IDEALIZED_SINGLE_PAIR_GRADUAL,IDEALIZED_GRADUAL_MAPPING,absolute,16,2,3,3,,2,4,9.8,86.43
TiOx_02_Au,TiOx,GRADUAL_MULTILEVEL,NOT_REPORTED,,IDEALIZED_SINGLE_PAIR_GRADUAL,IDEALIZED_GRADUAL_MAPPING,absolute,32,2,3,3,,2,4,9.68,86.55000000000001
TiOx_02_Au,TiOx,GRADUAL_MULTILEVEL,NOT_REPORTED,,IDEALIZED_SINGLE_PAIR_GRADUAL,IDEALIZED_GRADUAL_MAPPING,absolute,64,2,3,3,,2,4,9.52,86.71000000000001
TiOx_02_Au,TiOx,GRADUAL_MULTILEVEL,NOT_REPORTED,,IDEALIZED_SINGLE_PAIR_GRADUAL,IDEALIZED_GRADUAL_MAPPING,absolute,128,2,3,3,,2,4,9.14,87.09
TiOx_02_Au,TiOx,GRADUAL_MULTILEVEL,NOT_REPORTED,,IDEALIZED_SINGLE_PAIR_GRADUAL,IDEALIZED_GRADUAL_MAPPING,absolute,256,2,3,3,,2,4,8.93,87.30000000000001
