device_id,study_id,property_name,value,unit,value_type,source_title,doi,page,figure_or_table,source_note
HfOx_02,10.1088/2634-4386/ac7327,active_material,HfO2,,EXPERIMENTAL,Physics-based compact modelling of the analog dynamics of HfOx resistive memories,10.1088/2634-4386/ac7327,3,Figure 1(a),Device uses TiN/Ti/HfO2/TiN stack
HfOx_02,10.1088/2634-4386/ac7327,thickness_nm,5.5,nm,EXPERIMENTAL,Physics-based compact modelling of the analog dynamics of HfOx resistive memories,10.1088/2634-4386/ac7327,3,Figure 1(a),HfO2 oxide thickness
HfOx_02,10.1088/2634-4386/ac7327,conductance_mode,ANALOG,,EXPERIMENTAL,Physics-based compact modelling of the analog dynamics of HfOx resistive memories,10.1088/2634-4386/ac7327,"2,6",Figure 2,Paper demonstrates analog/gradual multilevel resistance dynamics under weak programming
HfOx_02,10.1088/2634-4386/ac7327,conductance_states,,,NOT_REPORTED,Physics-based compact modelling of the analog dynamics of HfOx resistive memories,10.1088/2634-4386/ac7327,6,Figure 2,"Multiple resistance states are achieved, but no fixed state count is reported"
HfOx_02,10.1088/2634-4386/ac7327,read_voltage,0.1,V,EXPERIMENTAL,Physics-based compact modelling of the analog dynamics of HfOx resistive memories,10.1088/2634-4386/ac7327,6,Figure 2,Resistance read phases performed at 100 mV
HfOx_02,10.1088/2634-4386/ac7327,memory_window,>5,RHRS/RLRS,EXPERIMENTAL,Physics-based compact modelling of the analog dynamics of HfOx resistive memories,10.1088/2634-4386/ac7327,6,Figure 2,Maximum achievable resistance window is reported as slightly above 5
TaOx_02,10.1038/ncomms11142,device_stack,Ta/TaOx/Pt,,EXPERIMENTAL,Quantized conductance coincides with state instability and excess noise in tantalum oxide memristors,10.1038/ncomms11142,5,Methods,Simplified active device stack; Methods reports Ti adhesion/Pt/TaOx/Ta layers
TaOx_02,10.1038/ncomms11142,thickness_nm,10-18,nm,EXPERIMENTAL,Quantized conductance coincides with state instability and excess noise in tantalum oxide memristors,10.1038/ncomms11142,5,Methods,Reported TaOx film thickness range
TaOx_02,10.1038/ncomms11142,conductance_mode,CONTINUOUS_QUANTIZED,,EXPERIMENTAL,Quantized conductance coincides with state instability and excess noise in tantalum oxide memristors,10.1038/ncomms11142,1-2,Figure 1,Device switches continuously; quantized conductance occurs in an intermediate regime
TaOx_02,10.1038/ncomms11142,conductance_states,,,NOT_APPLICABLE,Quantized conductance coincides with state instability and excess noise in tantalum oxide memristors,10.1038/ncomms11142,1-4,"Figures 1,3,4",No fixed stable state count; integer multiples of GQ occur in a noisy unstable quantized regime
TaOx_02,10.1038/ncomms11142,conductance_quantum,77.5,uS,EXPERIMENTAL,Quantized conductance coincides with state instability and excess noise in tantalum oxide memristors,10.1038/ncomms11142,2,Figure 1,GQ = 2e^2/h = 77.5 uS
TaOx_02,10.1038/ncomms11142,read_voltage,0.05,V,EXPERIMENTAL,Quantized conductance coincides with state instability and excess noise in tantalum oxide memristors,10.1038/ncomms11142,2,Figure 1c,Conductance read at 50 mV during stress experiment
TaOx_02,10.1038/ncomms11142,on_off_ratio,519.8,,DERIVED,Quantized conductance coincides with state instability and excess noise in tantalum oxide memristors,10.1038/ncomms11142,3,Figure 2,Derived from mean GON=3.67e-2 S and GOFF=7.06e-5 S
TaOx_02,10.1038/ncomms11142,quantized_state_stability,UNSTABLE,,EXPERIMENTAL,Quantized conductance coincides with state instability and excess noise in tantalum oxide memristors,10.1038/ncomms11142,2-4,"Figures 1,3,4",Quantized conductance regime shows multistable fluctuations and enhanced noise
TiOx_02_Au,10.1038/s41598-019-44607-3,active_material,TiO2-x,,EXPERIMENTAL,An electrical characterisation methodology for identifying the switching mechanism in TiO2 memristive stacks,10.1038/s41598-019-44607-3,12,Methods,Amorphous TiO2-x active layer
TiOx_02_Au,10.1038/s41598-019-44607-3,thickness_nm,24.1 ± 0.27,nm,EXPERIMENTAL,An electrical characterisation methodology for identifying the switching mechanism in TiO2 memristive stacks,10.1038/s41598-019-44607-3,12,Methods,Measured TiO2-x thickness across wafer
TiOx_02_Au,10.1038/s41598-019-44607-3,conductance_mode,GRADUAL_MULTILEVEL,,EXPERIMENTAL,An electrical characterisation methodology for identifying the switching mechanism in TiO2 memristive stacks,10.1038/s41598-019-44607-3,"1,10",Abstract; Discussion,Gradual SET/RESET attributed to interfacial barrier modulation; no abrupt filamentary transition
TiOx_02_Au,10.1038/s41598-019-44607-3,conductance_states,,,NOT_REPORTED,An electrical characterisation methodology for identifying the switching mechanism in TiO2 memristive stacks,10.1038/s41598-019-44607-3,1-12,Full article review; no fixed state-count figure/table reported,No fixed conductance-state count reported for this device
TiOx_02_Au,10.1038/s41598-019-44607-3,switching_mechanism,INTERFACIAL_SCHOTTKY,,EXPERIMENTAL,An electrical characterisation methodology for identifying the switching mechanism in TiO2 memristive stacks,10.1038/s41598-019-44607-3,6-10,Figures 2-4; Table II,Transport controlled by Schottky barriers; resistance switching from barrier modulation
TiOx_02_Au,10.1038/s41598-019-44607-3,forming_voltage_range,8-12,V,EXPERIMENTAL,An electrical characterisation methodology for identifying the switching mechanism in TiO2 memristive stacks,10.1038/s41598-019-44607-3,5,Table I,Compliance-free pulse forming range
TiOx_02_Au,10.1038/s41598-019-44607-3,forming_pulse_width,1,us,EXPERIMENTAL,An electrical characterisation methodology for identifying the switching mechanism in TiO2 memristive stacks,10.1038/s41598-019-44607-3,5,Table I,Pulse width for Au top-electrode device
TiOx_02_Ni,10.1038/s41598-019-44607-3,active_material,TiO2-x,,EXPERIMENTAL,An electrical characterisation methodology for identifying the switching mechanism in TiO2 memristive stacks,10.1038/s41598-019-44607-3,12,Methods,Amorphous TiO2-x active layer
TiOx_02_Ni,10.1038/s41598-019-44607-3,thickness_nm,24.1 ± 0.27,nm,EXPERIMENTAL,An electrical characterisation methodology for identifying the switching mechanism in TiO2 memristive stacks,10.1038/s41598-019-44607-3,12,Methods,Measured TiO2-x thickness across wafer
TiOx_02_Ni,10.1038/s41598-019-44607-3,conductance_mode,GRADUAL_MULTILEVEL,,EXPERIMENTAL,An electrical characterisation methodology for identifying the switching mechanism in TiO2 memristive stacks,10.1038/s41598-019-44607-3,"1,10",Abstract; Discussion,Gradual SET/RESET attributed to interfacial barrier modulation; no abrupt filamentary transition
TiOx_02_Ni,10.1038/s41598-019-44607-3,conductance_states,,,NOT_REPORTED,An electrical characterisation methodology for identifying the switching mechanism in TiO2 memristive stacks,10.1038/s41598-019-44607-3,1-12,Full article review; no fixed state-count figure/table reported,No fixed conductance-state count reported for this device
TiOx_02_Ni,10.1038/s41598-019-44607-3,switching_mechanism,INTERFACIAL_SCHOTTKY,,EXPERIMENTAL,An electrical characterisation methodology for identifying the switching mechanism in TiO2 memristive stacks,10.1038/s41598-019-44607-3,6-10,Figures 2-4; Table II,Transport controlled by Schottky barriers; resistance switching from barrier modulation
TiOx_02_Ni,10.1038/s41598-019-44607-3,forming_voltage_range,8-12,V,EXPERIMENTAL,An electrical characterisation methodology for identifying the switching mechanism in TiO2 memristive stacks,10.1038/s41598-019-44607-3,5,Table I,Compliance-free pulse forming range
TiOx_02_Ni,10.1038/s41598-019-44607-3,forming_pulse_width,1000,us,EXPERIMENTAL,An electrical characterisation methodology for identifying the switching mechanism in TiO2 memristive stacks,10.1038/s41598-019-44607-3,5,Table I,Pulse width for Ni top-electrode device
TiOx_02_Pt,10.1038/s41598-019-44607-3,active_material,TiO2-x,,EXPERIMENTAL,An electrical characterisation methodology for identifying the switching mechanism in TiO2 memristive stacks,10.1038/s41598-019-44607-3,12,Methods,Amorphous TiO2-x active layer
TiOx_02_Pt,10.1038/s41598-019-44607-3,thickness_nm,24.1 ± 0.27,nm,EXPERIMENTAL,An electrical characterisation methodology for identifying the switching mechanism in TiO2 memristive stacks,10.1038/s41598-019-44607-3,12,Methods,Measured TiO2-x thickness across wafer
TiOx_02_Pt,10.1038/s41598-019-44607-3,conductance_mode,GRADUAL_MULTILEVEL,,EXPERIMENTAL,An electrical characterisation methodology for identifying the switching mechanism in TiO2 memristive stacks,10.1038/s41598-019-44607-3,"1,10",Abstract; Discussion,Gradual SET/RESET attributed to interfacial barrier modulation; no abrupt filamentary transition
TiOx_02_Pt,10.1038/s41598-019-44607-3,conductance_states,,,NOT_REPORTED,An electrical characterisation methodology for identifying the switching mechanism in TiO2 memristive stacks,10.1038/s41598-019-44607-3,1-12,Full article review; no fixed state-count figure/table reported,No fixed conductance-state count reported for this device
TiOx_02_Pt,10.1038/s41598-019-44607-3,switching_mechanism,INTERFACIAL_SCHOTTKY,,EXPERIMENTAL,An electrical characterisation methodology for identifying the switching mechanism in TiO2 memristive stacks,10.1038/s41598-019-44607-3,6-10,Figures 2-4; Table II,Transport controlled by Schottky barriers; resistance switching from barrier modulation
TiOx_02_Pt,10.1038/s41598-019-44607-3,forming_voltage_range,8-12,V,EXPERIMENTAL,An electrical characterisation methodology for identifying the switching mechanism in TiO2 memristive stacks,10.1038/s41598-019-44607-3,5,Table I,Compliance-free pulse forming range
TiOx_02_Pt,10.1038/s41598-019-44607-3,forming_pulse_width,500-750,us,EXPERIMENTAL,An electrical characterisation methodology for identifying the switching mechanism in TiO2 memristive stacks,10.1038/s41598-019-44607-3,5,Table I,Pulse width for Pt top-electrode device
TiOx_03,10.1016/j.spmi.2017.10.031,device_stack,Cu/anodic-TiO2/Ti,,EXPERIMENTAL,Resistive Switching in Microscale Anodic Titanium Dioxide-Based Memristors,10.1016/j.spmi.2017.10.031,3-4,Figure 1,"Cu top electrode, anodic TiO2 active layer, Ti bottom electrode"
TiOx_03,10.1016/j.spmi.2017.10.031,active_material,anodic TiO2,,EXPERIMENTAL,Resistive Switching in Microscale Anodic Titanium Dioxide-Based Memristors,10.1016/j.spmi.2017.10.031,2-4,Main text / experimental description,Anodically grown titanium dioxide active film
TiOx_03,10.1016/j.spmi.2017.10.031,thickness_nm,29 ± 5%,nm,DERIVED_FROM_FABRICATION,Resistive Switching in Microscale Anodic Titanium Dioxide-Based Memristors,10.1016/j.spmi.2017.10.031,5,Table 1,S2 is the thickest oxide sample and matches the device with ROFF/RON about 80
TiOx_03,10.1016/j.spmi.2017.10.031,device_area,2 x 2,um^2,EXPERIMENTAL,Resistive Switching in Microscale Anodic Titanium Dioxide-Based Memristors,10.1016/j.spmi.2017.10.031,11,Figure 5; Conclusions,Best ROFF/RON about 80 obtained for 2 x 2 um2 S2 devices
TiOx_03,10.1016/j.spmi.2017.10.031,conductance_mode,ANALOG,,EXPERIMENTAL,Resistive Switching in Microscale Anodic Titanium Dioxide-Based Memristors,10.1016/j.spmi.2017.10.031,"7,10","Figures 3,5-6",SET and RESET are gradual; paper states behavior is typical of an analog device
TiOx_03,10.1016/j.spmi.2017.10.031,conductance_states,,,NOT_REPORTED,Resistive Switching in Microscale Anodic Titanium Dioxide-Based Memristors,10.1016/j.spmi.2017.10.031,10-11,Figure 6,"Multiple resistance states are observed, but no fixed state count is reported"
TiOx_03,10.1016/j.spmi.2017.10.031,on_off_ratio,80,,EXPERIMENTAL,Resistive Switching in Microscale Anodic Titanium Dioxide-Based Memristors,10.1016/j.spmi.2017.10.031,11,Figure 5; Conclusions,Best ROFF/RON achieved for 2 x 2 um2 device of S2
TiOx_03,10.1016/j.spmi.2017.10.031,resistance_measurement_voltage,-1.3,V,EXPERIMENTAL,Resistive Switching in Microscale Anodic Titanium Dioxide-Based Memristors,10.1016/j.spmi.2017.10.031,9,Figure 5,RON and ROFF values were measured at -1.3 V
TiOx_03,10.1016/j.spmi.2017.10.031,forming_required,NO,,EXPERIMENTAL,Resistive Switching in Microscale Anodic Titanium Dioxide-Based Memristors,10.1016/j.spmi.2017.10.031,7,Figure 3 discussion,Memristive effect observed without a preliminary forming cycle
TaOx_01,10.1038/s41598-017-18329-3,device_stack,Pt/W/TaOx/Pt,,EXPERIMENTAL,Multi-valued and Fuzzy Logic Realization using TaOx Memristive Devices,10.1038/s41598-017-18329-3,2,Figure 1,Device stack is 25 nm Pt / 13 nm W / 7 nm TaOx / 30 nm Pt
TaOx_01,10.1038/s41598-017-18329-3,thickness_nm,7,nm,EXPERIMENTAL,Multi-valued and Fuzzy Logic Realization using TaOx Memristive Devices,10.1038/s41598-017-18329-3,2,Figure 1,TaOx switching-layer thickness
TaOx_01,10.1038/s41598-017-18329-3,device_area,2 x 2,um^2,EXPERIMENTAL,Multi-valued and Fuzzy Logic Realization using TaOx Memristive Devices,10.1038/s41598-017-18329-3,2,Figure 1,Cross-point cell size
TaOx_01,10.1038/s41598-017-18329-3,conductance_mode,DISCRETE_MULTILEVEL,,EXPERIMENTAL,Multi-valued and Fuzzy Logic Realization using TaOx Memristive Devices,10.1038/s41598-017-18329-3,3,Figure 2,Paper demonstrates reproducible multilevel resistive states
TaOx_01,10.1038/s41598-017-18329-3,conductance_states,7,,DERIVED,Multi-valued and Fuzzy Logic Realization using TaOx Memristive Devices,10.1038/s41598-017-18329-3,3,Figure 2(b),"Derived directly from paper text: Figure 2(b) reports one low-resistance state (LRS) plus six multilevel resistive states, giving 7 total physical resistance states. Figure 2(c) R0-R4 is a subset used for the multivalued-logic demonstration."
TaOx_01,10.1038/s41598-017-18329-3,read_voltage,0.1,V,EXPERIMENTAL,Multi-valued and Fuzzy Logic Realization using TaOx Memristive Devices,10.1038/s41598-017-18329-3,3,Figure 2,Resistance states read using 0.1 V pulse
TaOx_01,10.1038/s41598-017-18329-3,read_pulse_width,120,us,EXPERIMENTAL,Multi-valued and Fuzzy Logic Realization using TaOx Memristive Devices,10.1038/s41598-017-18329-3,3,Figure 2,Read pulse duration
TaOx_01,10.1038/s41598-017-18329-3,programming_pulse_width,200,ns,EXPERIMENTAL,Multi-valued and Fuzzy Logic Realization using TaOx Memristive Devices,10.1038/s41598-017-18329-3,3,Figure 2,RESET multilevel programming pulse width
TaOx_01,10.1038/s41598-017-18329-3,reset_voltage_range,-1.4 to -2.2,V,EXPERIMENTAL,Multi-valued and Fuzzy Logic Realization using TaOx Memristive Devices,10.1038/s41598-017-18329-3,3,Figure 2,Applied amplitude range for multilevel state control
ZnO_01,10.3390/electronics7120445,device_stack,Ag/ZnO/FTO,,EXPERIMENTAL,Solution-Processable ZnO Thin Film Memristive Device for Resistive Random Access Memory Application,10.3390/electronics7120445,4,Main text / device description,"Ag top electrode, ZnO active layer, FTO bottom electrode"
ZnO_01,10.3390/electronics7120445,active_material,ZnO,,EXPERIMENTAL,Solution-Processable ZnO Thin Film Memristive Device for Resistive Random Access Memory Application,10.3390/electronics7120445,4,Main text / device description,ZnO is the active memristive layer
ZnO_01,10.3390/electronics7120445,film_thickness,34,um,EXPERIMENTAL,Solution-Processable ZnO Thin Film Memristive Device for Resistive Random Access Memory Application,10.3390/electronics7120445,4,Figure 3(a),Cross-sectional SEM gives ZnO film thickness of 34 um
ZnO_01,10.3390/electronics7120445,crystallite_size,62,nm,DERIVED,Solution-Processable ZnO Thin Film Memristive Device for Resistive Random Access Memory Application,10.3390/electronics7120445,4,Figure 3(b),Average ZnO crystallite size calculated from XRD using Scherrer relation
ZnO_01,10.3390/electronics7120445,conductance_mode,DISCRETE_BINARY,,EXPERIMENTAL,Solution-Processable ZnO Thin Film Memristive Device for Resistive Random Access Memory Application,10.3390/electronics7120445,5-6,Figure 4,Paper reports two distinct and well-resolved HRS and LRS resistance states
ZnO_01,10.3390/electronics7120445,conductance_states,2,,REPORTED,Solution-Processable ZnO Thin Film Memristive Device for Resistive Random Access Memory Application,10.3390/electronics7120445,5-6,Figure 4,Two distinct resistance states: HRS and LRS
ZnO_01,10.3390/electronics7120445,set_voltage,0.8,V,EXPERIMENTAL,Solution-Processable ZnO Thin Film Memristive Device for Resistive Random Access Memory Application,10.3390/electronics7120445,5,Figure 4(a),Device switches from HRS to LRS near +0.8 V
ZnO_01,10.3390/electronics7120445,reset_voltage,-0.8,V,EXPERIMENTAL,Solution-Processable ZnO Thin Film Memristive Device for Resistive Random Access Memory Application,10.3390/electronics7120445,5,Figure 4(a),Device switches from LRS to HRS near -0.8 V
ZnO_01,10.3390/electronics7120445,read_voltage,0.2,V,EXPERIMENTAL,Solution-Processable ZnO Thin Film Memristive Device for Resistive Random Access Memory Application,10.3390/electronics7120445,5-6,Figure 4(c-d),Resistance states measured using 0.2 V read pulse
ZnO_01,10.3390/electronics7120445,memory_window,1000,HRS/LRS,EXPERIMENTAL,Solution-Processable ZnO Thin Film Memristive Device for Resistive Random Access Memory Application,10.3390/electronics7120445,5-6,Figure 4(c-d),Reported HRS/LRS memory window is 10^3
ZnO_01,10.3390/electronics7120445,switching_mechanism,Ag_FILAMENT_FORMATION_RUPTURE,,EXPERIMENTAL,Solution-Processable ZnO Thin Film Memristive Device for Resistive Random Access Memory Application,10.3390/electronics7120445,8-9,Figures 6-7,Bipolar switching attributed to formation and rupture of Ag conductive filament
HfOx_01,10.1109/TNANO.2024.3485213,device_stack,TiN/Ti/HfO2/W,,EXPERIMENTAL,Modeling and Simulation of Correlated Cycle-to-Cycle Variability in the Current-Voltage Hysteresis Loops of RRAM Devices,10.1109/TNANO.2024.3485213,14,Figure 1(a),Investigated device cross section
HfOx_01,10.1109/TNANO.2024.3485213,active_material,HfO2,,EXPERIMENTAL,Modeling and Simulation of Correlated Cycle-to-Cycle Variability in the Current-Voltage Hysteresis Loops of RRAM Devices,10.1109/TNANO.2024.3485213,14,Figure 1(a),HfO2 is the resistive switching dielectric
HfOx_01,10.1109/TNANO.2024.3485213,thickness_nm,10,nm,EXPERIMENTAL,Modeling and Simulation of Correlated Cycle-to-Cycle Variability in the Current-Voltage Hysteresis Loops of RRAM Devices,10.1109/TNANO.2024.3485213,14,Figure 1(a),HfO2 layer thickness
HfOx_01,10.1109/TNANO.2024.3485213,device_area,5 x 5,um^2,EXPERIMENTAL,Modeling and Simulation of Correlated Cycle-to-Cycle Variability in the Current-Voltage Hysteresis Loops of RRAM Devices,10.1109/TNANO.2024.3485213,14,Figure 1(a),Active device area
HfOx_01,10.1109/TNANO.2024.3485213,conductance_states,,,NOT_REPORTED,Modeling and Simulation of Correlated Cycle-to-Cycle Variability in the Current-Voltage Hysteresis Loops of RRAM Devices,10.1109/TNANO.2024.3485213,13-14,Figures 1-2,No fixed physical conductance-state count is reported
HfOx_01,10.1109/TNANO.2024.3485213,forming_voltage,~3.5,V,EXPERIMENTAL,Modeling and Simulation of Correlated Cycle-to-Cycle Variability in the Current-Voltage Hysteresis Loops of RRAM Devices,10.1109/TNANO.2024.3485213,14,Figure 1,Fresh devices formed near 3.5 V with 1 mA compliance
HfOx_01,10.1109/TNANO.2024.3485213,read_voltage,-0.2,V,EXPERIMENTAL,Modeling and Simulation of Correlated Cycle-to-Cycle Variability in the Current-Voltage Hysteresis Loops of RRAM Devices,10.1109/TNANO.2024.3485213,14-15,Figures 1-2,HRS and LRS currents evaluated at -0.2 V
HfOx_01,10.1109/TNANO.2024.3485213,switching_mechanism,OXYGEN_VACANCY_FILAMENT,,EXPERIMENTAL,Modeling and Simulation of Correlated Cycle-to-Cycle Variability in the Current-Voltage Hysteresis Loops of RRAM Devices,10.1109/TNANO.2024.3485213,14,Figure 1 discussion,HRS-LRS transitions related to formation and destruction of vacancy-formed filamentary structure
TiOx_01,10.1186/1556-276X-9-293,device_stack,Pt/TiO2/Pt,,EXPERIMENTAL,Stochastic switching of TiO2-based memristive devices with identical initial memory states,10.1186/1556-276X-9-293,20-21,Figure 1,Pt top and bottom electrodes with TiO2 active layer
TiOx_01,10.1186/1556-276X-9-293,active_material,TiO2,,EXPERIMENTAL,Stochastic switching of TiO2-based memristive devices with identical initial memory states,10.1186/1556-276X-9-293,20,Main text / device description,Stoichiometric TiO2 active layer
TiOx_01,10.1186/1556-276X-9-293,thickness_nm,31,nm,EXPERIMENTAL,Stochastic switching of TiO2-based memristive devices with identical initial memory states,10.1186/1556-276X-9-293,20,Main text / device description,Total TiO2 layer thickness is 31 nm
TiOx_01,10.1186/1556-276X-9-293,device_area,5 x 5,um^2,EXPERIMENTAL,Stochastic switching of TiO2-based memristive devices with identical initial memory states,10.1186/1556-276X-9-293,20-21,Figure 1,Tested stand-alone crossbar active area
TiOx_01,10.1186/1556-276X-9-293,switching_mode,UNIPOLAR,,EXPERIMENTAL,Stochastic switching of TiO2-based memristive devices with identical initial memory states,10.1186/1556-276X-9-293,21,Figure 1,Stochastic switching experiment investigated under unipolar mode
TiOx_01,10.1186/1556-276X-9-293,conductance_mode,UNKNOWN,,NOT_REPORTED,Stochastic switching of TiO2-based memristive devices with identical initial memory states,10.1186/1556-276X-9-293,20-23,Figures 1-3,Paper discusses HRS and LRS and stochastic filament distributions but does not define a fixed physical conductance-state mode
TiOx_01,10.1186/1556-276X-9-293,conductance_states,,,NOT_REPORTED,Stochastic switching of TiO2-based memristive devices with identical initial memory states,10.1186/1556-276X-9-293,20-23,Figures 1-3,No fixed physical conductance-state count is reported
TiOx_01,10.1186/1556-276X-9-293,read_voltage,0.5,V,EXPERIMENTAL,Stochastic switching of TiO2-based memristive devices with identical initial memory states,10.1186/1556-276X-9-293,21,Figure 1(e),Resistance evaluated with a 0.5 V pulse
TiOx_01,10.1186/1556-276X-9-293,programming_pulse,"4 V, 10 us",,EXPERIMENTAL,Stochastic switching of TiO2-based memristive devices with identical initial memory states,10.1186/1556-276X-9-293,21,Figure 1(e),Stochastic switching measurements used 4 V programming pulses of 10 us
TiOx_01,10.1186/1556-276X-9-293,switching_mechanism,TiO2-x_FILAMENT_FORMATION_RUPTURE,,EXPERIMENTAL,Stochastic switching of TiO2-based memristive devices with identical initial memory states,10.1186/1556-276X-9-293,20-23,Figures 1-3,Switching attributed to formation and rupture of reduced TiO2-x conductive filamentary paths
ZnO_02,10.32508/stdj.v16i1.1422,device_stack,Ag/ZnO/Ti/Glass,,EXPERIMENTAL,Resistance Switching Behavior of ZnO Thin Films for Random Access Memory Applications,10.32508/stdj.v16i1.1422,82,Figure 1,"Ag top electrode, ZnO switching layer, Ti bottom electrode on glass"
ZnO_02,10.32508/stdj.v16i1.1422,active_material,ZnO,,EXPERIMENTAL,Resistance Switching Behavior of ZnO Thin Films for Random Access Memory Applications,10.32508/stdj.v16i1.1422,82,Figure 1 / Experimental section,ZnO thin film is the resistive switching layer
ZnO_02,10.32508/stdj.v16i1.1422,thickness_nm,100,nm,EXPERIMENTAL,Resistance Switching Behavior of ZnO Thin Films for Random Access Memory Applications,10.32508/stdj.v16i1.1422,82,Experimental section,ZnO layer thickness
ZnO_02,10.32508/stdj.v16i1.1422,bottom_electrode_thickness,150,nm,EXPERIMENTAL,Resistance Switching Behavior of ZnO Thin Films for Random Access Memory Applications,10.32508/stdj.v16i1.1422,82,Experimental section,Ti bottom electrode thickness
ZnO_02,10.32508/stdj.v16i1.1422,top_electrode_thickness,75,nm,EXPERIMENTAL,Resistance Switching Behavior of ZnO Thin Films for Random Access Memory Applications,10.32508/stdj.v16i1.1422,82,Experimental section,Ag top electrode thickness
ZnO_02,10.32508/stdj.v16i1.1422,conductance_mode,DISCRETE_BINARY,,DERIVED,Resistance Switching Behavior of ZnO Thin Films for Random Access Memory Applications,10.32508/stdj.v16i1.1422,82-84,Figures 2-4,Simulator classification derived from experimentally observed HRS/OFF and LRS/ON switching; not terminology stated directly by the paper
ZnO_02,10.32508/stdj.v16i1.1422,conductance_states,2,,DERIVED,Resistance Switching Behavior of ZnO Thin Films for Random Access Memory Applications,10.32508/stdj.v16i1.1422,82-84,Figures 2-4,Two-state simulator abstraction derived from experimentally observed HRS and LRS; not claimed as a separately measured fixed state capacity
ZnO_02,10.32508/stdj.v16i1.1422,switching_mode,UNIPOLAR,,EXPERIMENTAL,Resistance Switching Behavior of ZnO Thin Films for Random Access Memory Applications,10.32508/stdj.v16i1.1422,83-84,Figures 2-3,Switching depends on voltage magnitude rather than polarity
ZnO_02,10.32508/stdj.v16i1.1422,set_voltage,0.42,V,EXPERIMENTAL,Resistance Switching Behavior of ZnO Thin Films for Random Access Memory Applications,10.32508/stdj.v16i1.1422,82-83,Figures 2-3,HRS to LRS transition around 0.42 V
ZnO_02,10.32508/stdj.v16i1.1422,reset_voltage,0.55,V,EXPERIMENTAL,Resistance Switching Behavior of ZnO Thin Films for Random Access Memory Applications,10.32508/stdj.v16i1.1422,83,Figures 2-3,LRS to HRS transition around 0.55 V
ZnO_02,10.32508/stdj.v16i1.1422,read_voltage,0.25,V,EXPERIMENTAL,Resistance Switching Behavior of ZnO Thin Films for Random Access Memory Applications,10.32508/stdj.v16i1.1422,84,Figure 4,HRS and LRS currents read at 0.25 V
ZnO_02,10.32508/stdj.v16i1.1422,on_off_ratio,>5,HRS/LRS,EXPERIMENTAL,Resistance Switching Behavior of ZnO Thin Films for Random Access Memory Applications,10.32508/stdj.v16i1.1422,84,Figure 4,Reported current ratio between HRS and LRS is above 5
TaOx_01,10.1038/s41598-017-18329-3,ron_ohm,1100,ohm,EXPERIMENTAL,Multi-valued and Fuzzy Logic Realization using TaOx Memristive Devices,10.1038/s41598-017-18329-3,3,Figure 2(c),LRS mean resistance = 1.1 kOhm; Figure 2(c) states means are based on 4 devices and 10 cycles per state
TaOx_01,10.1038/s41598-017-18329-3,roff_ohm,3200000,ohm,EXPERIMENTAL,Multi-valued and Fuzzy Logic Realization using TaOx Memristive Devices,10.1038/s41598-017-18329-3,3,Figure 2(c),R4 mean resistance = 3.2 MOhm; Figure 2(c) states means are based on 4 devices and 10 cycles per state
TaOx_01,10.1038/s41598-017-18329-3,on_off_ratio,2909.09,R4/LRS,DERIVED,Multi-valued and Fuzzy Logic Realization using TaOx Memristive Devices,10.1038/s41598-017-18329-3,3,Figure 2(c),Derived from 3.2e6 ohm / 1.1e3 ohm = 2909.09
HfOx_02,10.1088/2634-4386/ac7327,on_off_ratio,5.0,HRS/LRS,ASSUMED,Neuromorphic computing with multi-memristive synapses using TiN/Ti/HfO2/TiN devices,10.1088/2634-4386/ac7327,6,Figure 2,Conservative simulator input derived from the experimentally reported memory window >5. The paper does NOT report an exact ON/OFF ratio of 5.0; 5.0 is used as a lower-bound modeling approximation.
ZnO_01,10.3390/electronics7120445,on_off_ratio,1000,HRS/LRS,DERIVED,Solution-Processable ZnO Thin Film Memristive Device for Resistive Random Access Memory Application,10.3390/electronics7120445,5-6,Figure 4(c-d),Simulator ON/OFF ratio derived directly from the reported memory window HRS/LRS ≈ 10^3. This does not introduce a new measured value; it maps the paper terminology to the simulator parameter name.
TiOx_02_Au,10.1038/s41598-019-44607-3,ron_ohm,9551.04,ohm,DERIVED,An electrical characterisation methodology for identifying the switching mechanism in TiO2 memristive stacks,10.1038/s41598-019-44607-3,6,Figure 2 / raw sheet Fig.2a,"Derived from openly available raw dataset DOI 10.5258/SOTON/D0930, sheet Fig.2a, 300 K. Two positive-bias non-switching branches were linearly interpolated to +0.10 V. Detailed calculation is stored in data/tiox02_derived_operating_points.csv. RON is the lower of the two derived branch resistances."
TiOx_02_Au,10.1038/s41598-019-44607-3,roff_ohm,16293.87,ohm,DERIVED,An electrical characterisation methodology for identifying the switching mechanism in TiO2 memristive stacks,10.1038/s41598-019-44607-3,6,Figure 2 / raw sheet Fig.2a,"Derived from openly available raw dataset DOI 10.5258/SOTON/D0930, sheet Fig.2a, 300 K. Two positive-bias non-switching branches were linearly interpolated to +0.10 V. Detailed calculation is stored in data/tiox02_derived_operating_points.csv. ROFF is the higher of the two derived branch resistances."
TiOx_02_Au,10.1038/s41598-019-44607-3,on_off_ratio,1.705978,ROFF/RON,DERIVED,An electrical characterisation methodology for identifying the switching mechanism in TiO2 memristive stacks,10.1038/s41598-019-44607-3,6,Figure 2 / raw sheet Fig.2a,"Derived from openly available raw dataset DOI 10.5258/SOTON/D0930, sheet Fig.2a, 300 K. Two positive-bias non-switching branches were linearly interpolated to +0.10 V. Detailed calculation is stored in data/tiox02_derived_operating_points.csv. ON/OFF ratio = ROFF/RON."
TiOx_02_Au,10.1038/s41598-019-44607-3,read_voltage,0.1,V,ASSUMED,An electrical characterisation methodology for identifying the switching mechanism in TiO2 memristive stacks,10.1038/s41598-019-44607-3,6-7,Figure 2; Discussion,"+0.10 V is a project-selected analysis/read point inside the paper's stated |V|<0.5 V non-switching regime. The paper explicitly notes that read-out resistance depends on read voltage. This value is therefore an assumption, not a directly reported standard read voltage."
TiOx_02_Au,10.1038/s41598-019-44607-3,analysis_temperature,300.0,K,ASSUMED,An electrical characterisation methodology for identifying the switching mechanism in TiO2 memristive stacks,10.1038/s41598-019-44607-3,6,Figure 2 / raw sheet Fig.2a,300 K is one experimentally measured temperature in the source dataset and is selected here as the common operating-point temperature for the three device variants.
TiOx_02_Au,10.1038/s41598-019-44607-3,raw_dataset_doi,10.5258/SOTON/D0930,,REPORTED,Data for An electrical characterisation methodology for identifying the switching mechanism in TiO2 memristive stacks,10.5258/SOTON/D0930,Data repository,Fig.2a,Open raw dataset used for the 300 K operating-point derivation.
TiOx_02_Ni,10.1038/s41598-019-44607-3,ron_ohm,6034.99,ohm,DERIVED,An electrical characterisation methodology for identifying the switching mechanism in TiO2 memristive stacks,10.1038/s41598-019-44607-3,6,Figure 2 / raw sheet Fig.2b,"Derived from openly available raw dataset DOI 10.5258/SOTON/D0930, sheet Fig.2b, 300 K. Two positive-bias non-switching branches were linearly interpolated to +0.10 V. Detailed calculation is stored in data/tiox02_derived_operating_points.csv. RON is the lower of the two derived branch resistances."
TiOx_02_Ni,10.1038/s41598-019-44607-3,roff_ohm,6682.12,ohm,DERIVED,An electrical characterisation methodology for identifying the switching mechanism in TiO2 memristive stacks,10.1038/s41598-019-44607-3,6,Figure 2 / raw sheet Fig.2b,"Derived from openly available raw dataset DOI 10.5258/SOTON/D0930, sheet Fig.2b, 300 K. Two positive-bias non-switching branches were linearly interpolated to +0.10 V. Detailed calculation is stored in data/tiox02_derived_operating_points.csv. ROFF is the higher of the two derived branch resistances."
TiOx_02_Ni,10.1038/s41598-019-44607-3,on_off_ratio,1.10723,ROFF/RON,DERIVED,An electrical characterisation methodology for identifying the switching mechanism in TiO2 memristive stacks,10.1038/s41598-019-44607-3,6,Figure 2 / raw sheet Fig.2b,"Derived from openly available raw dataset DOI 10.5258/SOTON/D0930, sheet Fig.2b, 300 K. Two positive-bias non-switching branches were linearly interpolated to +0.10 V. Detailed calculation is stored in data/tiox02_derived_operating_points.csv. ON/OFF ratio = ROFF/RON."
TiOx_02_Ni,10.1038/s41598-019-44607-3,read_voltage,0.1,V,ASSUMED,An electrical characterisation methodology for identifying the switching mechanism in TiO2 memristive stacks,10.1038/s41598-019-44607-3,6-7,Figure 2; Discussion,"+0.10 V is a project-selected analysis/read point inside the paper's stated |V|<0.5 V non-switching regime. The paper explicitly notes that read-out resistance depends on read voltage. This value is therefore an assumption, not a directly reported standard read voltage."
TiOx_02_Ni,10.1038/s41598-019-44607-3,analysis_temperature,300.0,K,ASSUMED,An electrical characterisation methodology for identifying the switching mechanism in TiO2 memristive stacks,10.1038/s41598-019-44607-3,6,Figure 2 / raw sheet Fig.2b,300 K is one experimentally measured temperature in the source dataset and is selected here as the common operating-point temperature for the three device variants.
TiOx_02_Ni,10.1038/s41598-019-44607-3,raw_dataset_doi,10.5258/SOTON/D0930,,REPORTED,Data for An electrical characterisation methodology for identifying the switching mechanism in TiO2 memristive stacks,10.5258/SOTON/D0930,Data repository,Fig.2b,Open raw dataset used for the 300 K operating-point derivation.
TiOx_02_Pt,10.1038/s41598-019-44607-3,ron_ohm,5368.34,ohm,DERIVED,An electrical characterisation methodology for identifying the switching mechanism in TiO2 memristive stacks,10.1038/s41598-019-44607-3,6,Figure 2 / raw sheet Fig.2c,"Derived from openly available raw dataset DOI 10.5258/SOTON/D0930, sheet Fig.2c, 300 K. Two positive-bias non-switching branches were linearly interpolated to +0.10 V. Detailed calculation is stored in data/tiox02_derived_operating_points.csv. RON is the lower of the two derived branch resistances."
TiOx_02_Pt,10.1038/s41598-019-44607-3,roff_ohm,11427.5,ohm,DERIVED,An electrical characterisation methodology for identifying the switching mechanism in TiO2 memristive stacks,10.1038/s41598-019-44607-3,6,Figure 2 / raw sheet Fig.2c,"Derived from openly available raw dataset DOI 10.5258/SOTON/D0930, sheet Fig.2c, 300 K. Two positive-bias non-switching branches were linearly interpolated to +0.10 V. Detailed calculation is stored in data/tiox02_derived_operating_points.csv. ROFF is the higher of the two derived branch resistances."
TiOx_02_Pt,10.1038/s41598-019-44607-3,on_off_ratio,2.128684,ROFF/RON,DERIVED,An electrical characterisation methodology for identifying the switching mechanism in TiO2 memristive stacks,10.1038/s41598-019-44607-3,6,Figure 2 / raw sheet Fig.2c,"Derived from openly available raw dataset DOI 10.5258/SOTON/D0930, sheet Fig.2c, 300 K. Two positive-bias non-switching branches were linearly interpolated to +0.10 V. Detailed calculation is stored in data/tiox02_derived_operating_points.csv. ON/OFF ratio = ROFF/RON."
TiOx_02_Pt,10.1038/s41598-019-44607-3,read_voltage,0.1,V,ASSUMED,An electrical characterisation methodology for identifying the switching mechanism in TiO2 memristive stacks,10.1038/s41598-019-44607-3,6-7,Figure 2; Discussion,"+0.10 V is a project-selected analysis/read point inside the paper's stated |V|<0.5 V non-switching regime. The paper explicitly notes that read-out resistance depends on read voltage. This value is therefore an assumption, not a directly reported standard read voltage."
TiOx_02_Pt,10.1038/s41598-019-44607-3,analysis_temperature,300.0,K,ASSUMED,An electrical characterisation methodology for identifying the switching mechanism in TiO2 memristive stacks,10.1038/s41598-019-44607-3,6,Figure 2 / raw sheet Fig.2c,300 K is one experimentally measured temperature in the source dataset and is selected here as the common operating-point temperature for the three device variants.
TiOx_02_Pt,10.1038/s41598-019-44607-3,raw_dataset_doi,10.5258/SOTON/D0930,,REPORTED,Data for An electrical characterisation methodology for identifying the switching mechanism in TiO2 memristive stacks,10.5258/SOTON/D0930,Data repository,Fig.2c,Open raw dataset used for the 300 K operating-point derivation.
HfOx_01,10.1109/TNANO.2024.3485213,ron_ohm,55.7,ohm,DERIVED,Modeling and Simulation of Correlated Cycle-to-Cycle Variability in the Current-Voltage Hysteresis Loops of RRAM Devices,10.1109/TNANO.2024.3485213,763,Figure 9(a),"Approximate RON derived from the experimental LRS mean-current dashed line in Figure 9 at -0.2 V. Visual mean estimate ~3.59 mA; R=|V|/|I|. This is figure-derived, not a directly tabulated resistance."
HfOx_01,10.1109/TNANO.2024.3485213,roff_ohm,2530.0,ohm,DERIVED,Modeling and Simulation of Correlated Cycle-to-Cycle Variability in the Current-Voltage Hysteresis Loops of RRAM Devices,10.1109/TNANO.2024.3485213,763,Figure 9(b),"Approximate ROFF derived from the experimental HRS mean-current dashed line in Figure 9 at -0.2 V. Visual mean estimate ~0.079 mA; R=|V|/|I|. This is figure-derived, not a directly tabulated resistance."
HfOx_01,10.1109/TNANO.2024.3485213,on_off_ratio,45.4,ROFF/RON,DERIVED,Modeling and Simulation of Correlated Cycle-to-Cycle Variability in the Current-Voltage Hysteresis Loops of RRAM Devices,10.1109/TNANO.2024.3485213,763,Figure 9,Approximate ON/OFF resistance ratio derived as ROFF/RON from the Figure-9 mean-current estimates. This value is approximate.
HfOx_01,10.1016/j.mee.2017.11.007,conductance_mode,GRADUAL_MULTILEVEL,,EXPERIMENTAL,Investigation of the multilevel capability of TiN/Ti/HfO2/W resistive switching devices by sweep and pulse programming,10.1016/j.mee.2017.11.007,148-153,Multilevel sweep/pulse experiments,"Supporting same-stack TiN/Ti/HfO2/W experimental study reports clearly distinguishable multilevel states and continuous dependence of filamentary conductance on programming conditions. Used only to support the simulator behavior classification, not to replace the primary 2024 electrical operating-point data."
HfZrOx_01,10.1002/pssr.202000524,device_stack,TiN/HfZrO4/TiOx/TiN,,EXPERIMENTAL,"Ferroelectric, Analog Resistive Switching in Back-End-of-Line Compatible TiN/HfZrO4/TiOx Junctions",10.1002/pssr.202000524,1,Device fabrication / Figure 1,TiN(10 nm)/HfZrO4(4.5 nm)/TiOx(3.5 nm)/TiN(20 nm) asymmetric stack is reported.
HfZrOx_01,10.1002/pssr.202000524,active_material,HfZrO4/TiOx,,EXPERIMENTAL,"Ferroelectric, Analog Resistive Switching in Back-End-of-Line Compatible TiN/HfZrO4/TiOx Junctions",10.1002/pssr.202000524,1,Device fabrication,Ferroelectric HfZrO4 is combined with a semiconducting TiOx interlayer.
HfZrOx_01,10.1002/pssr.202000524,hzo_thickness_nm,4.5,nm,EXPERIMENTAL,"Ferroelectric, Analog Resistive Switching in Back-End-of-Line Compatible TiN/HfZrO4/TiOx Junctions",10.1002/pssr.202000524,1,Device fabrication,Reported HfZrO4 thickness.
HfZrOx_01,10.1002/pssr.202000524,tiox_thickness_nm,3.5,nm,EXPERIMENTAL,"Ferroelectric, Analog Resistive Switching in Back-End-of-Line Compatible TiN/HfZrO4/TiOx Junctions",10.1002/pssr.202000524,1,Device fabrication,Reported TiOx interlayer thickness.
HfZrOx_01,10.1002/pssr.202000524,read_voltage,0.1,V,EXPERIMENTAL,"Ferroelectric, Analog Resistive Switching in Back-End-of-Line Compatible TiN/HfZrO4/TiOx Junctions",10.1002/pssr.202000524,1,Figure 1 / write-read experiment,Resistance is measured approximately ten seconds after programming using a 100 mV non-destructive read voltage.
HfZrOx_01,10.1002/pssr.202000524,on_off_ratio,2.0,HRS/LRS resistance ratio,EXPERIMENTAL,"Ferroelectric, Analog Resistive Switching in Back-End-of-Line Compatible TiN/HfZrO4/TiOx Junctions",10.1002/pssr.202000524,2,Figure 1 / wake-up discussion,"After ferroelectric wake-up, the study reports that the ON/OFF ratio increases from 1.3 to 2.0. The profile uses the post-wake-up value 2.0."
HfZrOx_01,10.1002/pssr.202000524,conductance_mode,ANALOG,,EXPERIMENTAL,"Ferroelectric, Analog Resistive Switching in Back-End-of-Line Compatible TiN/HfZrO4/TiOx Junctions",10.1002/pssr.202000524,1-2,Figure 1,"The device is explicitly described as an analog resistive memory. Resistance changes gradually during RESET and SET, and intermediate states are experimentally observed."
HfZrOx_01,10.1002/pssr.202000524,conductance_states,,,NOT_REPORTED,"Ferroelectric, Analog Resistive Switching in Back-End-of-Line Compatible TiN/HfZrO4/TiOx Junctions",10.1002/pssr.202000524,1-2,Figure 1 / mechanism discussion,"Intermediate states are reached by partial ferroelectric-domain switching, but no fixed physical conductance-state count is reported."
HfZrOx_01,10.1002/pssr.202000524,switching_mechanism,FERROELECTRIC_POLARIZATION_WITH_OXYGEN_VACANCY_REDISTRIBUTION,,EXPERIMENTAL,"Ferroelectric, Analog Resistive Switching in Back-End-of-Line Compatible TiN/HfZrO4/TiOx Junctions",10.1002/pssr.202000524,2,Figure 3 / mechanism discussion,"Resistive switching is linked to ferroelectric polarization; wake-up behavior is explained with redistribution of oxygen vacancies, and partial domain switching produces intermediate states."
HfZrOx_01,10.1002/pssr.202000524,wake_up_cycles,1E5,cycles,EXPERIMENTAL,"Ferroelectric, Analog Resistive Switching in Back-End-of-Line Compatible TiN/HfZrO4/TiOx Junctions",10.1002/pssr.202000524,2,Figure 2,The reported wake-up comparison includes the device after 1E5 cycles.
HfZrOx_01,10.1002/pssr.202000524,drift,,,NOT_REPORTED,"Ferroelectric, Analog Resistive Switching in Back-End-of-Line Compatible TiN/HfZrO4/TiOx Junctions",10.1002/pssr.202000524,1,Figure 1 discussion,"The study qualitatively reports cycle-to-cycle LRS drift of a few tens of kOhms and a longer-term resistance increase of about 0.5 GOhm after six days, but these are not collapsed into the project's current single drift scalar because the schema does not encode the required time/condition context."
TiOx_04,10.1007/s42835-019-00107-y,active_material,TiOx/TiOy,,EXPERIMENTAL,Mimicking Synaptic Behaviors with Cross-Point Structured TiOx/TiOy-Based Filamentary RRAM for Neuromorphic Applications,10.1007/s42835-019-00107-y,869-875,Abstract / device description,Primary journal article reports a TiOx/TiOy bilayer insulator in a cross-point filamentary RRAM.
TiOx_04,10.23186/korea.000000081642.11009.0000815,device_stack,Au/TiOx/TiOy/Au,,EXPERIMENTAL,Experimental study of TiOx/TiOy based filamentary RRAM as synaptic device for neuromorphic systems,10.23186/korea.000000081642.11009.0000815,Abstract; experimental section starts p.36,Device structure / fabrication,Related thesis for the same experimental platform states that Au thin films are used as both top and bottom electrodes with a TiOx/TiOy bilayer switching structure. The profile encodes the core Au/TiOx/TiOy/Au stack and does not add a more specific auxiliary Ti-layer position without unambiguous source text.
TiOx_04,10.23186/korea.000000081642.11009.0000815,device_area,20 x 20,um^2,EXPERIMENTAL,Experimental study of TiOx/TiOy based filamentary RRAM as synaptic device for neuromorphic systems,10.23186/korea.000000081642.11009.0000815,Abstract,Device description,Reported cross-point active area.
TiOx_04,10.1007/s42835-019-00107-y,forming_voltage,5.62,V,EXPERIMENTAL,Mimicking Synaptic Behaviors with Cross-Point Structured TiOx/TiOy-Based Filamentary RRAM for Neuromorphic Applications,10.1007/s42835-019-00107-y,869-875,Abstract / I-V characterization,Journal article reports electroforming at approximately 5.62 V.
TiOx_04,10.1007/s42835-019-00107-y,read_voltage,0.2,V,EXPERIMENTAL,Mimicking Synaptic Behaviors with Cross-Point Structured TiOx/TiOy-Based Filamentary RRAM for Neuromorphic Applications,10.1007/s42835-019-00107-y,869-875,Abstract / DC sweep characterization,The reported ON/OFF ratio is evaluated at 0.2 V.
TiOx_04,10.1007/s42835-019-00107-y,on_off_ratio,76.0,ratio,EXPERIMENTAL,Mimicking Synaptic Behaviors with Cross-Point Structured TiOx/TiOy-Based Filamentary RRAM for Neuromorphic Applications,10.1007/s42835-019-00107-y,869-875,Abstract / DC sweep characterization,Journal article reports ON/OFF approximately 76 at 0.2 V after electroforming.
TiOx_04,10.23186/korea.000000081642.11009.0000815,switching_mechanism,FILAMENTARY_OXYGEN_REDox,,EXPERIMENTAL,Experimental study of TiOx/TiOy based filamentary RRAM as synaptic device for neuromorphic systems,10.23186/korea.000000081642.11009.0000815,Abstract,Mechanism description,Conductance evolution is attributed to conductive-filament formation together with oxygen-driven redox reactions in the TiOx/TiOy bilayer.
TiOx_04,10.1007/s42835-019-00107-y,conductance_mode,GRADUAL_MULTILEVEL,,EXPERIMENTAL,Mimicking Synaptic Behaviors with Cross-Point Structured TiOx/TiOy-Based Filamentary RRAM for Neuromorphic Applications,10.1007/s42835-019-00107-y,869-875,LTP/LTD pulse experiments,The journal article reports LTP/LTD using repeated pulses and further uses 25 linearly varied pulses so conductance changes linearly. This supports gradual multilevel mapping.
TiOx_04,10.23186/korea.000000081642.11009.0000815,demonstrated_protocol_states,50,conductance values,EXPERIMENTAL,Experimental study of TiOx/TiOy based filamentary RRAM as synaptic device for neuromorphic systems,10.23186/korea.000000081642.11009.0000815,Abstract; LTP/LTD section starts p.56,50-pulse LTP/LTD experiment,The related thesis reports 50 different conductance values for LTP/LTD under 50 identical pulses. This is retained as protocol evidence only and is not used as an intrinsic physical state-count cap.
TiOx_04,10.23186/korea.000000081642.11009.0000815,conductance_states,,,NOT_REPORTED,Experimental study of TiOx/TiOy based filamentary RRAM as synaptic device for neuromorphic systems,10.23186/korea.000000081642.11009.0000815,Abstract,Multi-level / LTP-LTD discussion,No fixed intrinsic maximum number of physical conductance states is established. The reported 50 states are tied to a 50-pulse experimental protocol.
TiOx_04,10.1007/s42835-019-00107-y,stpd_conductance_change,-77.79 to 96.07,%,EXPERIMENTAL,Mimicking Synaptic Behaviors with Cross-Point Structured TiOx/TiOy-Based Filamentary RRAM for Neuromorphic Applications,10.1007/s42835-019-00107-y,869-875,STDP experiment,Reported STDP conductance change range using a time-division multiplexing approach.
